Song,Artist,Label,PC1,PC2,PC3,PC4,PC5,PC6,PC7,PC8,PC9,PC10,PC11,PC12,PC13,PC14,PC15,PC16,PC17,PC18
Gun Smoke,21 Savage,0,217.77807219021656,5.178675171942956,59.523432731009834,-57.545132205177985,109.69336081675266,84.93309763963883,-23.822052046194038,-0.04158959882234969,88.8930555207854,31.98801011407192,72.01338473842317,22.62941650293533,2.9871391589748737,-8.473346912756972,-16.61732338982472,56.510581619098,-10.716302309348594,-9.978425183308602
Bank Account,21 Savage,1,8.99785814594571,9.232806508823266,-19.10724472097832,-9.207285787696586,-96.72559562268765,113.68272027619618,-41.15885735786373,23.91281745632345,-60.11661160739656,0.8948252375036195,23.102465213348623,-54.26633076094614,-2.7422799156453355,3.6412460054947817,2.2380647043097732,-9.331464028936793,-54.001477911975016,-7.551556126648308
Monster,21 Savage,0,89.55127297053586,55.97565306684327,-33.644990956655136,-50.167870128541146,-84.39272463665922,15.009781719244296,78.0038241374584,31.6998072722141,27.29917705700536,45.81346929917411,-32.50967594874445,-0.587473378190025,52.82489673489545,-33.87928949652755,-57.40558727349043,-39.192013689568526,22.341323019704472,7.381428586111569
X,21 Savage & Metro Boomin Featuring Future,1,50.251343039671674,65.28009835835266,-23.255988827544996,24.892724493743525,-117.85338886020051,-19.419696377221197,61.331923783566424,-3.8790821666715622,-21.430970425581386,-30.800033866796195,-33.859842255527276,-17.930856270301135,29.33646195910139,43.95141170367345,-28.697984348515458,-13.80771224639755,15.60128968920212,4.307002973145313
Youngblood,5 Seconds Of Summer,1,-175.61167184742757,11.165725971251083,35.64972040964344,-114.64783070835917,-26.33612766754289,-26.75846806659718,-22.84063111442438,-130.14756171850664,2.291089748313292,-25.236162341829278,-19.448257935034647,49.935816348386304,46.80805341244606,49.715183263134755,-0.16249507414692488,14.693898048875642,-43.38935633042715,25.287289376631204
Tennessee Rain,Addison Agen,1,-210.91183856929604,44.172562056825456,-65.2717374480416,75.84318377639775,3.9565428170752845,-30.85826442569754,-35.05025644964125,-26.194662341464756,59.943891156008945,-40.29017233156051,-29.239507538012266,45.95876215905316,41.113127219808874,13.301368099631478,-15.61677624678108,-5.799817759118311,-59.920369288600575,-37.921553604210295
When We Were Young,Adele,1,119.93005233584114,-52.037691194206694,25.40658084415875,-41.5687566315339,19.706139428296915,201.30307518598352,9.326325272258673,15.089448635158508,48.490594108301096,2.190785658525173,-116.29055496775992,0.5995185596235807,-16.918763895744732,15.432265114685459,-37.36454487951964,15.203127779982886,40.99122872475061,17.961926327716824
Scars To Your Beautiful,Alessia Cara,1,52.30539249347405,-37.893828985706584,-64.02163991506447,-58.95729660784726,-104.81256071138299,-12.041082729726952,-44.40636711700333,20.910264325644395,70.40267252675147,3.104955255521766,31.56129028966606,84.81918358460175,47.36216425924374,-54.2687964964259,72.44797126047352,65.79125286877354,23.631601088857963,12.82281244105694
Here,Alessia Cara,1,57.82663252528192,32.277946349788,-53.52272003000711,-80.62968003146652,37.339381623706075,-30.25270230558309,-62.760530658411035,75.06469508587021,24.3649249369727,36.95588858970068,-49.74730383231485,13.322039876278897,-12.02058865981671,143.8505028599596,25.764738175543116,-15.74969266288869,29.66515456927663,29.33558053278763
La Jumpa,Arcangel & Bad Bunny,1,261.22357810820245,-164.32021892717412,-34.668752849163766,13.615707059876913,6.889062337621974,-56.17387106385279,29.99944305455543,-9.614413694158985,0.024083169036184578,-38.30974175921588,4.201215655142349,-121.72399685656093,-26.690582625910803,19.576919145818678,-19.233102265018683,74.15366337312253,15.453846262404078,-16.032834541360334
Focus,Ariana Grande,1,-21.8196448049053,15.269038838828674,72.43431055810291,103.32702493167564,93.91867790021347,-134.99754839929952,-98.12223532742632,64.65721156716285,-104.46744387570072,-5.626944269663862,-79.57094382788256,18.179020778543876,19.801192954419875,24.211781923136098,-61.7144699481635,-9.24208738839176,20.386495298477307,16.525848049845987
Positions,Ariana Grande,1,120.57853734798752,55.50410545251836,-102.21958059166667,-63.20110502197309,-62.784706095338656,-147.38286540996873,-14.215395471257771,123.183233996662,8.031285716116352,63.489933590777525,54.10682560193481,-19.13932843200945,20.15118995794951,-15.600888754965496,-6.378920016812673,20.510607551720728,6.041445148922387,5.88552210205464
"Thank U, Next",Ariana Grande,0,35.26699609635572,97.3168692000375,67.45155550060026,31.283742476656855,-44.789225514189816,-58.775772003507726,-113.87239429735851,10.698557846445071,22.25225632264353,36.70655496752999,34.51170878626016,-6.6248803358836,25.354221920787495,27.85292721284684,-26.59154056474367,12.427697451668731,41.08843984098862,3.935623444220035
Kings & Queens,Ava Max,1,87.71166325011608,106.73412312718297,-17.179402753839867,100.02440852343717,216.26597648918275,-111.07466354656451,-112.34538845868023,28.38112422428085,61.585306946029334,7.609810488952392,-72.65072710743404,15.132653702342129,90.12642277997212,2.7478966079721463,-11.18070627339045,70.4168442758936,16.1178058968929,68.16593705976099
Dynamite,BTS,1,152.86130085042927,53.33766012610507,-62.17728599296488,82.90385319156333,-95.45960477439385,-39.47215670270249,-24.230570368737386,-53.75032035609965,-31.176614133650006,90.5234600776549,-21.320779032345392,57.36761100816467,-55.31169621766339,-54.97738501495664,126.88570470654386,22.473837371993955,25.44745068720589,-34.335130860667256
Vete,Bad Bunny,1,100.5878895133617,15.151963377322167,92.05235970927397,12.413981768535397,-69.51078945707053,-96.17090384558844,-4.671682997949212,14.882458340714203,16.366114631696277,138.72196307182767,4.311088063456801,14.324722170743343,-72.8454334810332,42.94511693607056,58.565677262754235,-74.54003332453422,-47.991818241264816,-54.649559581330216
Monaco,Bad Bunny,1,-44.86829919100569,24.079624747652186,-91.68644412845994,70.60779966716409,82.56277643347995,24.787764108874345,-81.58079159071048,28.974641671066838,-15.22223410582059,-9.21910097066056,36.46025841746896,140.38736489715782,-29.170716368627396,124.66876786146977,86.58455183678024,-46.647309324095,34.8125512387623,87.23593533695133
Despues de La Playa,Bad Bunny,0,-77.40706479177987,-58.92723061598033,-171.70000181346893,11.717166637403176,91.49388498726002,-78.51327780191266,27.40435964942303,-14.582182445716672,-42.331929079001085,13.115524252489989,-36.47962686913145,47.80476476284544,-65.81063788338619,25.87340269203057,4.085887881111477,7.161769398100092,1.9101447912723282,-36.26192273700806
Yonaguni,Bad Bunny,0,137.45014092090014,-44.639923858703476,74.11887494706697,20.52157792495757,-15.98167439796315,-94.31860206153426,-61.318478682978814,-26.99405938364559,-69.3874346941662,95.28039083101818,50.95464760803256,45.7169483507164,-35.366599312360556,60.32604744470526,-7.9649888137080955,1.4407459950454748,-17.274715021269035,-91.33414024546131
Titi Me Pregunto,Bad Bunny,0,53.32656767524493,-20.85848871345497,33.76487733139155,8.535821181887949,-8.065642457511137,62.72342089847219,-16.65520632135141,33.10101159569589,48.396284155641865,-10.457062735753135,20.71650136915698,49.90789638631696,-26.76075263720213,6.439105970711473,15.913614779252391,-19.231818771346962,35.64515736493558,-0.622470393379574
Rock And A Hard Place,Bailey Zimmerman,1,-104.85888649986529,-72.9353392742579,168.50697526701634,75.0353705131354,-5.590195771129174,-37.03167294221549,23.74752599790232,-40.58720142703279,32.96630442844263,10.049680125311507,-18.003790384343137,-10.367133652144496,10.210148301280341,-51.41287678227523,-9.332249954974909,45.63459446634603,-0.9989721847889104,-59.443916667560984
Meant To Be,Bebe Rexha & Florida Georgia Line,1,175.40715425612257,-34.16519164466002,11.064655892690178,-103.07363360266305,-38.47444043593934,-0.9922756306346622,-44.045691001317486,-11.13629085790526,-22.420013604766737,82.83916103590279,-34.00167002140503,-65.07631817111047,-39.74497424554297,63.393226648194016,39.21996117422018,-19.15482116064068,9.01680812383059,1.9872395753910717
Bounce Back,Big Sean,1,78.86812141351209,162.88368932966688,41.11098607704648,-34.061347846117776,162.0817133818065,44.634312504424365,-36.35900795824105,41.099998038774004,16.17635690496847,21.33572273716772,115.49632839417676,-5.4414840830185005,26.871040587642653,19.893663149023663,-24.976057700263524,-16.599173305738542,40.055917004321394,-31.021710972954512
Play No Games,Big Sean Featuring Chris Brown & Ty Dolla $ign,1,153.7497998310759,-6.415968477340634,14.323906586867775,34.96360266001558,85.50948406749767,-48.34683533867639,12.772071923064614,49.80972740314462,4.974877361811295,9.157266043449516,66.91849735799087,-37.10930250722414,53.55174287694658,-52.80469716655753,57.35999167355205,-53.19952632678059,36.165216512878814,-13.134542901714145
Happier Than Ever,Billie Eilish,0,-205.203586526596,-10.039122232579418,-59.807435634979434,10.559829462762416,35.53888587262219,105.42786661101921,64.23157612441716,83.37326931887172,4.485514384547867,20.682943491472464,-46.95966734539243,28.75701454040608,-27.6976404302572,-48.67717504051564,-1.487137747031901,49.601795289761355,19.92847274962912,-46.76321923817817
When The Party's Over,Billie Eilish,1,-203.10975954201473,26.332796424477284,12.301001833985318,123.90354348803963,0.20307657555662928,80.86300267097695,-59.17429398848606,59.8043338018333,0.13045394337213553,1.837061601841343,9.077375579999979,11.015525832208013,-36.21863734208532,-59.16711719880557,37.16397314195114,67.8583658898719,-11.650855754380144,-29.905055025700015
Mele Kalikimaka (Merry Christmas),Bing Crosby & The Andrews Sisters,1,-16.508720971535666,-61.89369413616445,-44.89530515527307,2.9167235304765247,61.16612996669661,47.49087907022641,-36.38001099633598,37.48365971158248,-136.72224005526022,28.953441435059744,6.390614517028799,-51.929451296391505,-0.08149617293610763,-8.307144822552607,8.381880344204061,-78.58549458963118,-58.158810331658415,31.421807650661307
White Christmas,Bing Crosby With Ken Darby Singers & John Scott Trotter & His Orchestra,1,-80.47974548122811,-39.42256589164178,-60.53423606319325,110.252629405537,102.74390147133535,39.19888377219306,-103.40597097501359,46.03674515440266,1.2821121975804466,-1.2819782889597406,62.294598000191826,24.373241879888905,-24.238793349507684,31.301239513108793,10.044033832261269,0.551671706622337,-53.388804042998224,23.85123507885222
RITMO (Bad Boys For Life),Black Eyed Peas X J Balvin,1,109.16395170110671,67.90092715351018,10.422447642827375,-71.2336707331237,-62.50860853506034,-25.639486782350982,-58.02748048452793,-44.10719562257531,-77.26354025499488,-52.183331062369966,-54.262186232920804,-69.07477454883691,-0.03064648027754061,-26.357400417715667,67.04675091176689,14.093132116544718,74.92877194706298,-77.03193569725154
Lonely Tonight,Blake Shelton Featuring Ashley Monroe,1,-67.40581066695995,-113.25437595808401,3.9154965113579,-74.66937069181002,38.158284097043776,43.32549904922987,7.080433650112278,-23.843180499168618,91.85726065507299,39.55820445648476,18.632443573619504,51.68914960958667,29.44406118306367,16.56056667559593,56.2203688978702,32.00481766343493,-58.829234087966825,1.210578196311743
Jingle Bell Rock,Bobby Helms,1,-67.44484969758658,-134.4710065516139,-97.85858147489647,99.3271815617436,94.52532161337722,30.34470039246414,53.441164459960504,-5.801759704017744,-2.0652177710809143,-14.61479769349356,-15.408779151237658,-34.424686303659136,36.72214082096672,15.663045837786237,-25.41889942366611,-6.835819850267804,-24.944998596779165,-1.6478908493957836
Rockin' Around The Christmas Tree,Brenda Lee,1,74.51043139758791,-86.57231695871836,-71.50035567843825,-104.96062843820619,141.47853515362127,-67.66033863700451,-0.40747132464177027,34.976814502211795,87.88550153564721,27.348427063996354,-20.246012956696287,-47.20747276258015,-26.367990027612848,-4.607282440353585,39.783358809023596,-27.51747505896882,15.756491244836967,-21.911899953295666
Versace On The Floor,Bruno Mars,1,125.35954668020419,-17.44123478020573,26.445057280548422,14.518770674955007,-3.3550551094188,125.50366190041579,2.764534622406826,-18.089388505569698,32.12468423069914,-50.15576130160664,-11.37932292884591,34.11234837164582,73.83962004276873,53.562980176152074,46.98625381998781,105.9992135127456,91.89297598920965,-27.10472355469645
Talking To The Moon,Bruno Mars,0,-71.45758933555898,-41.0445757022306,-21.13017645309832,133.64650253755536,12.535012993074886,-15.683440085360573,-14.398946003769469,51.154169248911785,-1.5484233355669061,-21.71086673177198,6.913635435013905,-3.5649753704467693,-57.68313576996683,7.9162020307020935,25.054562728879212,53.98344601281099,-18.31586168358716,-26.889695572781015
Don't,Bryson Tiller,1,171.25226254802277,11.11316352441271,33.739757398190605,-22.198624151067808,-40.06382309411854,149.85780317763297,-26.529839991732278,-89.36105121155545,-1.1081358546147277,-9.588230556127543,-82.66933190849689,114.6691601668473,72.20059960915594,-18.33577748035874,3.007373092615298,-5.255396313251372,35.22621687410195,-74.30411675383661
Whoopty,CJ,1,60.94545205390141,45.92047151828933,56.73755141837455,84.12988859968031,-20.182987207244103,-26.75108362934911,55.59089066265935,-21.41766451900641,65.42210888565009,-87.93651056005736,-7.544819886242253,-92.50478425786906,-118.22948121624876,42.18261538488443,-12.531017458031373,9.232473611241232,-69.54244344343275,24.14013089345348
Blame,Calvin Harris Featuring John Newman,1,101.82195367815369,-73.06747034015561,63.4566847775848,-14.278837517075871,-41.06468502465717,135.84681826155733,-7.5993464310683905,75.02111360792622,49.22714988110409,-14.7481888788499,-63.596845091074584,-13.956455857961501,-40.57084949503704,55.232111746508515,-73.767434362956,-16.927061200114867,100.87939920232068,-8.220841962255372
Burning House,Cam,1,-225.47780478217769,73.22511186544725,-116.89766597863436,31.706854479181477,9.307011544344848,-1.5326457878150557,60.190349317015084,32.41530518751328,-44.97027062457515,18.95765787648652,-7.008776766792604,-14.739189138528472,2.7612809315402864,63.2140643537175,27.10716332424995,-16.846986534393395,-45.636370172043065,-104.38281349796615
Consequences,Camila Cabello,1,-218.07098179426163,91.37271055582457,-119.16242039220354,-89.04147037799503,-37.9358311312727,24.564703424260106,-17.14060691126438,56.54982179790655,2.942886941936209,-5.119114952048052,57.349310312845304,43.53585676796556,29.138024645572383,11.06004238257087,-29.737984633810722,29.345830029763707,22.26502970152867,35.49328604956837
Havana,Camila Cabello Featuring Young Thug,1,-24.652123256663756,-22.940958955916425,-55.66990666859982,-14.312212987026287,-58.776937810836195,12.762608039025132,-54.40878855779134,28.40313948179137,-38.11403280135711,-76.97212162997789,-0.971012638774229,33.5190308327245,50.32285449755202,-50.12401423462389,-6.307819028670578,-41.59242841924811,-12.679079232405593,20.355612656579762
Money,Cardi B,1,82.82860722480339,266.53073482453703,73.53866086733663,-65.69221815399702,169.56005032085267,-51.773045610944,87.87313477881543,62.70971090725359,-92.33853733728961,-44.28676324654781,6.829922790149816,44.761298285892494,106.48253871318164,1.7755480231676875,-38.04851251161235,38.80000806626407,-17.608180508825367,-29.144721945019715
Bodak Yellow (Money Moves),Cardi B,1,-23.94811359350992,126.9827897242742,-14.489824112684966,40.854163186028,-51.41502582633339,-50.82173422613931,113.08187063131113,127.43111324386895,12.95306586585879,-56.378662494513996,-57.333057569570826,20.311379320867236,-64.54161951045728,8.428660885694162,7.471224822955154,-0.21917404733158033,-32.25680972653751,53.094715830219826
Up,Cardi B,0,178.709282838882,164.68470757835945,-4.762091139342491,-14.132821692644596,95.58886455660785,34.65191443589764,60.002698913527404,-50.78803310115797,-50.97795646493793,-15.542305237549153,31.109795301901833,33.44709400280092,27.159323603563813,-90.27327223911854,48.24174045728275,104.17795707200342,-7.0953123844108354,63.11532202330094
Que Vuelvas,Carin Leon X Grupo Frontera,1,0.17590307128619434,-58.88392886637776,-18.950659294813363,-72.02678281777985,-81.90889050632754,-129.07115136883368,65.02449357755982,42.68726432913838,-63.09322488593542,43.14761271207341,39.69554553169173,-43.96344268432679,-39.741072053797865,-6.710404479996982,27.31239245889193,-5.0072734064577835,21.52296270536737,26.85398793938965
Hallelujah,Carrie Underwood & John Legend,1,-185.2868830947927,37.11147775237786,60.17571198522507,-112.10407850822696,41.90326404187572,15.905281192867157,78.00229512398516,-54.36667792423172,-28.797691813623366,29.8758720744021,-53.54676656733592,-47.20897946637934,17.76415375469975,38.39146426725202,-5.800513520049767,-88.6885667041884,30.864811424967776,-7.6194124252532145
Break The Rules,Charli XCX,1,215.37483841981137,-87.57627523558243,21.461546868899074,-43.96526974300739,23.22572889290906,-107.31839727726985,51.2995713122435,28.686622981800863,3.48884487693474,7.264087319234538,-32.68230465621127,40.58386084828908,-14.39853188050058,-0.7279734880390738,-10.381724223153595,12.583359944052306,27.877281911705776,-7.912043696722895
One Call Away,Charlie Puth,0,-153.94536693703452,49.26856387819765,166.46973109032666,50.70105717327011,-57.86546179994166,51.62240650399214,40.22726800305887,69.696589344983,45.1808047535457,6.76751834320863,-4.805420144178227,-62.68991522404238,42.90005742043335,-30.741595162390844,21.69142964929118,13.476324864920183,0.16284945517359012,-21.30474754090299
Wish I Didn't Love You,Chloe Kohanski,1,-176.19580702807198,-33.85642072228058,60.12353438283036,-91.0737536830789,-35.67893434683773,-68.11511403755128,99.2275491293191,49.71071816540932,-31.00781947351403,16.542540207965065,-6.182534079026921,-4.747490777515274,25.62026642379385,26.67272587400524,-21.714959763659838,-38.517605579706945,-45.53350303453443,-13.258797637808643
Heat,Chris Brown Featuring Gunna,1,8.839745845167798,-148.07498370005757,7.989223444287905,48.755503300986526,-57.49018453322185,29.75091097376231,44.47727432686961,4.195188662510976,19.781253982038976,-30.00062994883983,18.973859657558663,23.0061919597733,-32.23702292346174,39.26462155959364,23.00959102710171,-10.76783295154178,-32.133630217411934,-2.334948401776677
"Big, Big Plans",Chris Lane,1,-121.66326805731217,-31.123419712969238,-101.48251347936692,-27.00592557998841,42.90419165411459,47.639674902920824,-30.46221713065973,-108.2510064321221,-28.45919389478776,-14.898042212394065,47.10507068343477,32.76236452885424,-75.69336111182503,18.500141010529404,30.937203771369102,-3.3659512478047104,27.044852231668678,-18.45682155405497
Starting Over,Chris Stapleton,0,-144.1970764950292,-67.83126165959254,58.035300485191904,-120.87302421414572,-45.55209196154884,-37.28702776511614,80.54082664614832,16.987827827559396,-9.329330705807275,55.514251081566876,-53.03391111857108,18.75774134890088,87.93243919417105,89.81170030780075,24.668928049113195,-11.261087268484461,-11.58836990376422,25.24733519644851
Losing Sleep,Chris Young,0,46.669423065353435,-58.75359303410542,112.89767220017724,22.56159831411328,-52.385326003419024,46.54778142989092,-2.707076029742314,1.6653880134832653,37.5740173908534,25.29367009515528,-0.21428360279584235,4.401091604846017,-6.9743560367989685,-26.55663832767258,43.08777830566763,36.496201733765105,18.613159529352146,-69.77911099150387
Run Rudolph Run,Chuck Berry,1,62.74481086684096,-242.00763448678558,-29.484490033677872,-6.569127967393073,-38.2141696998486,-6.874354478981321,66.17043118504627,-2.889738781457257,-21.047194384861765,-51.35020603266095,61.26706774265249,91.31826545366961,-22.86571642946711,12.884280735107815,20.09878633835685,9.400286724202058,48.72972578313784,-16.68157205413871
The Painter,Cody Johnson,0,110.37326428341113,-200.21411903270882,-80.19985598521987,25.24885524893068,45.184802174887636,13.157536231414772,68.37178689247853,-43.06039510099085,-89.19468764804441,6.5184555186593505,12.23252388184651,-42.673776444662515,60.269736016866645,37.06174601434133,-40.04262239856184,-38.7686540718374,48.72445726840452,27.535150903148065
Broccoli,D.R.A.M. Featuring Lil Yachty,1,46.57312820144052,40.71214249497447,93.51726934006679,-28.009107803846454,-85.91598010912156,16.8609497060236,66.80389449414868,-62.54765920864196,25.21186793268014,28.76842053127037,-22.835459500080262,43.88659280560773,-94.98538836516761,11.852255922124248,-80.95387269595042,21.64149312972844,-39.532592804842146,11.19124107304937
Hold You Down,"DJ Khaled Featuring Chris Brown, August Alsina, Future & Jeremih",1,37.940970768310784,-128.1602273477339,21.31510918143162,97.19475552278482,29.83893508109436,99.45205501982507,11.59817156588749,-14.761576431919835,-41.08491276060899,-60.5144272706503,-8.465723407795899,-69.5664632312083,2.135258522162966,-24.47851684966404,-24.72699493090658,7.821258230593245,-61.364081295635934,-5.299127029491877
Do You Mind,"DJ Khaled Featuring Nicki Minaj, Chris Brown, August Alsina, Jeremih, Future & Rick Ross",1,-109.10558336303448,-2.217804076813051,27.683432901541178,-34.247442753098824,-103.68034409614123,15.305185859554443,-16.726522369426974,29.85365098566243,20.99408456154563,-25.481243829893014,22.92437274812206,-15.07569074029372,30.833325226425288,69.37748091169858,56.489421153475156,34.785075093820105,-29.00952018423692,2.436769802366672
OTW,DJ Luke Nasty,1,-112.21557962802257,89.50291584980661,112.51696492595791,37.06557757713318,-110.74661126246657,72.86150466817864,-17.486525890639413,-9.57261338546433,40.283297926712336,-10.717004316342038,-38.567641215038215,-33.81757393874324,-42.33479546953443,40.235411219769546,9.464222420867628,-0.1308625708515113,-1.7683721190121964,-24.266705417421456
Do It Like Me,DLOW,1,19.872965883273924,22.120014032587804,-25.958892689578505,-21.94029370270271,-124.28132427676046,-59.20627367261396,-103.37373431581867,-2.855365974267357,-108.88555449329425,-127.05926802683913,-19.453326400561764,25.952175710554798,48.7429215049824,40.939496143139735,-50.798658522892424,-58.09091835919037,33.889895536701886,-1.920792802317188
BOP,DaBaby,0,135.42274941464677,78.36313554211534,45.87498727824047,44.67621173614073,19.215658054333996,-104.03179294762063,69.12931746728113,8.868017916720685,-29.858928898351998,-34.00883381235973,51.02262085514247,20.32206972775633,-76.21554389814615,9.626118150913435,-25.869103920976634,-18.60069158731596,-52.80599735974387,-56.12591823225988
Soldier,Damien,1,-82.13768680826625,-102.66154947671454,-4.600159816442516,-75.0214250640171,21.335104188732434,-66.21658841735655,32.94548996341919,13.81778610405141,65.21719251269504,-14.2459701437829,22.730887371998435,-42.10218824937605,51.32868423711527,-1.4027785136952315,-6.5502111163956105,-29.85933995615186,-100.5779450997296,-11.188969668560098
Save Me The Trouble,Dan + Shay,0,-119.47831269863995,-40.900365752911526,-27.44637560197496,148.87825226743,56.5259175070179,-0.13470997309827754,74.86329827144048,-53.93473527201832,-26.8535639631144,-8.765620721395042,-95.29488542170411,76.89333999753804,-49.46625423245176,-110.58409234920417,42.52264809605306,-25.88229650329957,8.773537397526594,-11.404249609346717
Dangerous,David Guetta Featuring Sam Martin,1,174.48161000496137,76.0094140136994,-32.133461175891654,-78.32430960537525,-105.22063519021548,5.770294413682968,-59.49183261924606,-36.08300949367805,66.90090581921207,105.26616940341962,10.091732367207165,-33.25416629316466,-51.9429709780673,-62.676721085795876,-31.676897560461356,-19.04752458641151,32.781522695214434,16.268655257038077
"Let It Snow, Let It Snow, Let It Snow!",Dean Martin,1,-97.13034989526773,-84.3529169084822,111.42327505102529,-8.835187890274193,10.464785164980606,-20.22076143276912,-77.41444717410984,3.2873037256044304,-59.731599027475255,-40.30006124901595,4.481141118184173,62.8953757650687,-17.33766133233825,-40.3481898647227,-28.79420580124099,-55.547519936206754,25.489171083741727,70.55968479398645
Baby It's Cold Outside,Dean Martin,1,-49.09159772920935,-111.74346896057217,-56.127133679909356,-6.539490481046434,25.337823681439666,48.6751551582118,-50.012982309029056,-5.615795388973137,12.46333675975341,-86.72837939035406,55.70161455864961,-6.8747875017469156,-30.310857759343648,-20.17528816684781,-43.32634136200822,-31.367850583956546,22.232837605302066,3.5760765291478926
Tell Me You Love Me,Demi Lovato,0,265.27716981975885,-11.634910341340984,-44.513421135824046,-23.751830977597326,-53.63352776542698,38.05069476478967,-77.91112999360617,55.152022617319034,-84.07213444777159,-18.467095640241233,78.51195034086528,77.63688955400862,33.07073528581037,35.67681073986142,45.459545163711105,-48.51201031240711,-14.967589998221891,-25.483217043496033
Candy,Doja Cat,1,3.2801129438352716,18.673826572724522,56.4386953164811,-138.67858000082873,10.863756116908037,22.38318447669821,-56.510799529586414,28.477017756857194,-75.44393658924585,32.640191258880456,-5.929454924928941,-83.57645720306382,-40.814492989346235,-19.243680614247438,-113.32473413137818,100.7841422828206,25.531492020874687,-0.9672265428254423
Paint The Town Red,Doja Cat,1,-127.74631225452804,41.079155458823266,-59.09038075692559,-106.27619230312081,58.59909293640904,14.122287062903268,-141.64261642304862,-100.65302842297213,-42.17926002953932,-49.09213487682292,21.637201300717127,-9.958787468731918,11.148718348643333,-25.24284728626842,-88.25687678616656,5.298912207302485,-87.03152989143835,3.407848868878796
This Christmas,Donny Hathaway,1,-18.560456273546446,-109.67176642148405,-22.699563820824277,-15.382708017231431,-45.45690928241227,11.393307505280028,-8.948301937262027,-0.11019456416108969,-27.700051950112694,24.47570135913794,19.63400920723764,35.92971322270823,12.028538495774447,-5.113358757425055,18.827103559371054,-50.74605026827922,-21.495403421829277,-12.626524207643596
You Broke My Heart,Drake,1,78.97624760214022,-77.34595723953504,12.29902749061184,20.280841404168058,-85.43216016279547,123.45689831782106,34.06063620154114,-44.20272005545633,-42.410903013710445,-66.89307448875802,-34.65309421414691,-45.66552727704851,21.38969718028668,1.4255615442491072,-14.276998202285064,8.268108746130808,4.326877424866407,-29.377215484035208
Fake Love,Drake,1,209.1274152530166,113.13250975871148,23.17548710177018,-57.246449651163644,34.65806814177394,35.86326285224362,31.65807445509171,-65.8054280693599,20.841517192908924,57.28025182050453,49.336153557730015,55.21310775374387,5.003298221761127,-36.060904832658764,2.1464200842098133,-56.31724287494173,8.749988313660989,-13.146133355805816
Right Hand,Drake,1,181.1331921976722,67.63306686041177,-0.95931373150387,-47.66728592410784,123.11643238769264,27.77377280332514,-30.868882765215414,-62.05437750626048,-24.637411328131915,31.890159456551217,52.69324266831307,-98.80869309897604,-57.31519950372896,7.264324660521242,36.34043882256659,-27.284400240716867,-43.695361401464936,9.947667305393889
What's Next,Drake,0,125.47928718368573,31.251714426558955,12.166467083440452,-13.1310647837155,102.98850806155536,-28.769448187672626,59.79316175276339,0.13626637040342512,74.26704814934513,-130.9380829777081,23.781925136352594,-110.21402170126686,-22.05269846656798,-45.8059981239387,-18.82814883472514,-9.19963494845274,21.238126120351293,10.405253122089226
IDGAF,Drake Featuring Yeat,1,-122.58616583345807,-45.065108586791595,128.22509031554276,104.58514368818545,-27.161353114172073,12.987482717637938,-26.8181021542173,-20.754749951062664,62.473474383195274,11.582729841596647,96.05368313383529,-6.547522805498082,52.78095390516821,29.008138952398095,60.13469048615737,-8.17905698885545,33.75793345346201,-16.884572072369725
Break My Heart,Dua Lipa,0,122.01673608896111,59.28234379293826,-91.42849256436448,-7.655031020839092,-62.135105286341656,4.026827652422819,-54.773029275082415,40.57376418327249,66.94324834111698,66.9891997273323,-38.744063467811834,-6.42426051977266,-83.11518797836791,8.624650017862942,39.20388558257225,31.640896508310867,27.948799561077827,46.64721796030466
Good Girl,Dustin Lynch,1,84.48782229331322,-58.59724226947063,-116.50250516151594,-48.50896773596191,28.747764996097676,4.035422801637214,-2.1664788312345444,-15.852982228264809,17.42747320832789,-0.362605288514828,-33.135314193902715,-24.69055986722879,-42.61753233274005,25.672025560974713,-39.30339389723323,11.949104934477079,45.87553698019497,8.549561875990191
Thinking 'Bout You,Dustin Lynch Featuring Lauren Alaina Or MacKenzie Porter,1,108.80171451706235,-103.29633201303047,84.28649653288036,-7.208139319276158,-41.54237750124853,10.744924973751948,31.612048425724865,10.490921769049729,-24.61942981996543,53.48216802831751,-18.807105849000912,41.04407328416195,-57.73489855611197,-18.59333405113883,-50.777005303234496,19.149358892249577,27.652053997920735,-2.042792436403631
You're Welcome,Dwayne Johnson,1,98.12179701345852,-203.9661917766418,-64.2183892294141,-50.751432819747905,74.89646142555196,-8.366061480146218,-40.32194876456825,33.69879473236713,-20.151701177762508,-16.599187585751775,7.473649414112843,-7.187933125604312,-4.381347511110711,-83.5166899096847,81.57938225635932,-0.614557516300671,-44.711913912784944,4.324339124400294
Please Come Home For Christmas,Eagles,1,-36.59579641285248,19.717749365416935,-77.93424806484771,90.71854697414753,8.133942244332363,90.02437465006784,-64.92652600253984,-59.360085002511646,27.27526286145364,52.72045743098457,-35.18717629098628,15.298489277863597,8.161542855856979,-56.34930749005327,-7.491953712282643,-20.56584582362322,28.403435562738487,37.73866261968949
Santa Baby,Eartha Kitt With Henri Rene And His Orchestra,1,-157.51060242068655,-17.707547416687266,101.61973067699701,27.529196296479967,-30.94895866396317,9.646681309182895,-52.12698169093519,47.59235223367716,-28.81254771174894,36.333892992924795,10.618055181719026,-25.36902163905117,62.78520993600034,-73.12029835277129,-28.30158236120582,-2.3614878658971175,-43.95321529327812,14.831255352366279
Thinking Out Loud,Ed Sheeran,1,-0.7105494847578048,54.180238171497194,-93.77706699708256,11.915231357079001,-33.46802334876912,29.22602449110448,-73.29299643378512,-14.624155016920472,37.75185156081649,116.39817782638809,-16.906658413075366,-53.36797907657693,31.8563849088418,-12.060660441209759,0.8110642000295284,-7.4388500099668695,32.872815177433075,1.6548334080428457
Shape Of You,Ed Sheeran,0,-24.684248067977542,3.5956149552343803,-11.402871618882669,160.8399681346787,4.214278971434561,-50.683783371241084,48.33543104225379,-90.40747975398844,-13.748911064952498,-0.34137144376665113,55.36653166928273,-19.565021903129672,39.208597051327764,-56.16753876106844,13.412178057978135,-97.74861624908193,50.408375861923105,-19.98651821538276
Don't,Ed Sheeran,0,171.2522625480228,11.113163524412705,33.73975739819062,-22.198624151067822,-40.063823094118526,149.857803177633,-26.529839991732263,-89.36105121155552,-1.108135854614741,-9.588230556127531,-82.66933190849691,114.66916016684738,72.200599609156,-18.335777480358747,3.00737309261528,-5.255396313251396,35.22621687410196,-74.30411675383667
Eyes Closed,Ed Sheeran,0,-179.78817861255249,17.796773369422716,-42.648805375708314,27.25372623414121,-19.817018475939363,39.46349224116829,75.16782439986152,27.41621562619984,-15.90139895897535,70.1727746352637,76.39714607679596,-68.72340071295116,-29.882420252758884,4.284816892168144,59.29574228077348,19.888351084507566,44.90632841948364,-62.68393294805469
Trip,Ella Mai,1,-148.47762809631973,51.861906339553876,-76.24028976865368,115.56802041999912,33.672806911138395,-55.35676948814568,7.988399766521924,-60.88625721172548,62.27213900146766,2.338502579399835,24.905049355263653,62.374441237097145,23.45099062254712,42.5586275055752,22.563012555645564,65.49819009403748,-13.570717391014261,29.259366300568765
Burning House,Emily Ann Roberts,1,-225.47780478217769,73.22511186544723,-116.8976659786344,31.706854479181477,9.307011544344848,-1.5326457878150517,60.190349317015084,32.41530518751328,-44.970270624575164,18.957657876486547,-7.008776766792606,-14.739189138528436,2.761280931540299,63.2140643537175,27.10716332424996,-16.846986534393395,-45.63637017204307,-104.38281349796617
Gnat,Eminem,1,194.09601877561033,-2.9573982097423706,38.513005279746224,3.3915990660400834,120.00161371375985,21.839548422235506,80.20248867707258,20.141699901336743,-50.96736285699915,-11.768266203141646,-2.793981331673595,36.322737940758245,-57.19215337349481,-8.221579493155314,4.351681499368617,54.424018141462334,-25.518224183709474,-24.80727658301108
Walk On Water,Eminem Featuring Beyonce,1,-76.88972250163795,-31.814317835556135,-60.438967579257046,-16.5515858995537,-9.135489348094499,-1.8449990746161773,99.4355222377809,23.815500652230735,25.378043509398765,-108.05567526361581,59.863903183193315,98.48146645676965,-79.76311908814054,-97.63725775799674,57.5757488186013,-6.264112900659967,-19.576491072676564,-4.7703400024996165
Talladega,Eric Church,1,-39.00752807456388,-86.89290416292644,140.77461488221914,95.26597284488801,9.166622200988602,-27.304626761792157,25.83402204976585,-5.123851633342971,9.203189226566634,22.618245427096245,63.764774929963366,-22.41028524940239,50.490119484650364,-10.406127512110752,-12.726793235117476,-63.89414295174829,73.21911225745932,21.441482404078318
Round Here Buzz,Eric Church,1,-37.73338835084658,-16.432423266236242,-79.67464150588428,37.577490646238616,-82.80510636308843,109.99663003249216,63.50439111091264,-69.16924090912661,12.324544092140316,84.61855802414725,36.588906199879766,-74.8072405921966,48.73090162517152,-10.056947625803064,-65.50310905074345,-18.117189026926535,-2.317131032709314,-15.777627157163662
679,Fetty Wap Featuring Remy Boyz,1,192.68880861350186,2.1183920928470457,-36.39367340189989,46.75535270582813,-95.25477519855224,8.105253901389286,21.613532885342476,-81.66554696054898,-71.12557996476608,-42.12396527474699,23.745013288467902,-1.2094377635092723,-7.432124544464471,56.25705576927294,39.031833142149274,-10.94231726251235,0.291087417890781,-63.60664801842474
May We All,Florida Georgia Line Featuring Tim McGraw,1,60.65219357448441,-74.10748370209876,-11.98203405826329,42.319654225788106,-76.94654508701606,106.93052907092924,35.73769905770425,15.789329286779305,-46.534355340306746,-23.40466058018295,-56.81025707385114,-47.708207033430135,22.30948987385362,-2.1490419878034817,30.15651407489954,13.985637927525474,0.7198831902890724,-7.630206819743796
Life Is Good,Future Featuring Drake,0,147.08838854881728,80.3302526791673,60.51686183372299,-64.04231260510201,94.52681980403001,-57.074554213012185,75.0691978604834,-81.41388666685782,-31.094473522090897,-55.15377108146355,24.919103298731116,21.17938456789214,-5.890195776955104,-21.392092284321432,54.02533134691559,-75.81684280004951,-67.11129580975793,2.377803706586028
Used To This,Future Featuring Drake,0,34.013900722357725,-27.346971774624148,52.86602290915559,71.33516605872346,48.26848077631251,120.73713737698003,-76.92102177203509,10.39269710473935,25.459299093204482,-37.904220251586224,-29.68949175109153,50.97858645334417,-47.801039267727894,109.72022159494956,-43.209802776993435,-46.96451746323895,-42.0717721146553,19.864937899171178
Him & I,G-Eazy & Halsey,1,151.27332410476347,-17.873135957011904,-34.29952951001156,-7.637928939928166,26.960731105103534,-40.62897879498479,28.581758186189724,-38.592659326833605,92.03633902453176,23.690455083548486,40.740863395140096,-34.708681465328354,-53.26386607270927,10.136195445500617,-50.864484427556256,-26.134024190088624,-53.48754060191038,59.223306663466396
"Me, Myself & I",G-Eazy x Bebe Rexha,1,-62.83281307133744,-135.9846705699007,85.78088507051598,-39.667771515341784,-27.986189651914252,-9.150126708602611,-25.584893277221227,78.22892900876826,-12.722487096817705,-74.29190521526142,35.715949098610274,1.8254517283816607,-41.99691022909368,-15.297458084458551,23.96803430970769,8.552246219600189,8.559631339822642,-5.389653237204996
Here Comes Santa Claus (Right Down Santa Claus Lane),Gene Autry,1,-44.342486858716015,-126.70854671369493,63.421141568548926,57.22244218098874,-11.943139323610541,-17.420833877506197,-82.32825072443218,46.19772142618811,-36.318358122875566,-36.41376924206228,3.724575133976075,-44.642783376713176,7.724429746163854,-49.117441804255044,-18.84101545728084,-73.4373632856271,15.701842734439529,24.145969589306688
Rudolph The Red-Nosed Reindeer,Gene Autry & The Pinafores,1,-41.43113293436576,-51.134244895017176,49.94950309327479,-26.540408745085166,-10.519361089413001,-10.455878353371787,0.6554729743890911,70.0813066813182,-131.47309792587092,4.232746428079808,51.790736240012535,10.50235493585559,-41.49555676512801,-20.376516236171963,-23.93497491709621,-62.26930672377148,-61.93228321167865,40.30107268153996
Heartbreak Anniversary,Giveon,0,26.195443271154904,-81.56595855587027,-14.904200669072589,-22.860518333395433,-22.144256831123375,126.88338155805731,43.63742524914954,57.11675857142334,75.88721551673564,-7.443562406928495,-7.161787218530023,4.893878220506968,-37.115861014810726,-24.866760229070465,41.830875080830126,-39.552793904593344,14.985963369452623,2.725661481978152
Truck Bed,HARDY,1,-53.67110193471428,-7.849420479062406,-8.607388239399306,-104.91999353279797,-31.51819152111329,-70.79580344475333,3.9354866875167036,-56.576257973079954,137.28756879661458,-77.64179627864922,72.7246601934734,45.322827613110846,-4.5340456228985175,29.79999146848955,22.130969802812345,33.207358937036645,8.61577454112858,-6.466411247350775
Wait In The Truck,HARDY Featuring Lainey Wilson,1,-53.63353048268674,-122.19588720072467,113.7249701296741,102.27051094790725,102.47462569358862,-19.101323912336003,21.990167479167614,29.066847346933304,-20.591894089626773,3.1910541966686465,7.395521761678343,-95.28248746049874,38.27569735641502,-30.307004524396195,-26.138460882108422,14.358851688707224,27.593824578575177,10.298857838606372
Starving,Hailee Steinfeld & Grey Featuring Zedd,1,-20.332710900687502,72.60773777010894,-30.674238514552528,150.19823594322332,-57.52191584291046,-35.942687403542195,-35.550601223949236,0.27648863206657953,42.25678656445226,34.190074067438076,-87.02952003067414,-8.088593121082823,6.934496034210468,-12.580051483025512,35.33346481625713,35.663044556684135,39.362894008473454,93.01686684531148
Without Me,Halsey,0,22.558583019019974,-34.11486911711364,46.21959135662757,72.310094727449,-27.29259271370387,-34.73479873689501,-48.47462615935633,40.95523299553803,-65.18066683948732,-4.002406458269255,-48.50171457848848,31.187187307246393,33.06585909909038,73.19198237283065,-8.484630875094911,42.70489545169249,-10.852914317984967,49.079275656452964
Watermelon Sugar,Harry Styles,1,-106.83818830098245,-43.55202596954854,-113.247949045351,-47.288237862708506,-70.31922440412093,-86.83531927708887,62.45918932702439,-12.922982960511224,44.020117208365406,33.5150074863506,57.818789628416795,10.353036537845725,17.732370496926848,45.101337962410625,-8.748385725819624,-13.051178874717799,30.449814341817664,-80.17830546213027
Black Widow,Iggy Azalea Featuring Rita Ora,1,82.2581347726615,-37.1963821619694,5.407055422833686,41.198898351297686,-122.93634646709648,77.2979871268128,47.142561363384466,18.253763689632585,-31.79579606429941,-28.923331185122095,7.206336215300254,-46.174471956946356,24.47812485171083,12.962094687688479,-14.929644474359854,6.367711349250727,-9.832555598605175,-4.112505102884618
Follow You,Imagine Dragons,0,-5.950189228952744,80.34375292671692,-34.54205065404182,49.2903225032419,-88.56515847176804,108.893125155219,-19.64630776570604,24.57285774737127,46.59366769524176,-0.4758390067661647,-77.0857070179157,-7.028578340422084,24.340419165242338,31.973060336001254,5.408218327559638,11.332945457874066,-57.63978319639161,46.56767670903128
Enemy,Imagine Dragons X JID,1,63.327219263762785,13.364529255282216,1.6075963122348385,-18.18646745602207,-34.56492465810731,99.72183647157543,7.78537444789803,-75.25576892159806,1.5858974563555581,-0.03353235760185331,-59.29508860351926,-5.956052790808976,39.73143050221138,10.481111622046898,6.822548304480576,-42.65043351883115,9.506098848082324,80.10040475319444
Mi Gente,J Balvin & Willy William Featuring Beyonce,1,191.04448990113855,53.12300644796313,-77.83463596003465,10.931877842191367,-29.25122472845406,-48.316985752913496,32.00215632994831,16.33477866074444,12.51802642500765,27.95322116209555,-34.540389888554486,8.53726931071858,-33.76295563275459,-34.172058294900985,-12.762341706573615,-5.896748839151949,-0.9757674820599943,76.82156721464575
No Role Modelz,J. Cole,0,28.04429953993096,29.08615250506698,114.98847368489508,-20.197999840653672,-3.203395611329145,54.644706499351045,-89.24805320793202,60.573573548435775,18.055928680019093,-8.865301177171494,-17.024499153901,-64.3222193363146,-59.80296986786623,-1.5216582599924837,29.7215734036368,25.26251270649117,-6.6424695519223045,-64.73901010410258
Deja Vu,J. Cole,1,133.4457770994957,48.96484402036229,7.113578978533689,56.93320358465668,13.481202073048161,55.97111049465144,-134.95232625590515,6.146796135468389,79.43480185414768,-18.14597342277092,-31.371966452502793,-29.021167729439316,54.86515958197463,-29.283912656610294,-68.87016332465559,-22.00595806841081,-54.49071341513984,-8.932673984232649
Golden Hour,JVKE,1,-81.59849473952401,-54.43195389218859,8.32403309591,119.78968801511034,36.79304483109605,-67.33230315673136,-95.37409481826994,-16.216754578521744,17.286749068893798,-55.5575780755884,-0.007603842499709815,53.86731584520779,-25.346417012954042,-3.608397758858671,-32.89145101800078,-44.06544634398276,33.6309603514928,-42.27255128160678
Way Out,Jack Harlow Featuring Big Sean,1,40.903587730578195,59.729947315895195,-37.008430288746936,54.479610402454284,40.10516800397181,21.693878651973453,117.20541040892604,6.258535036444286,2.3378514362870266,-0.991298212011882,5.652114054352977,47.108105006209826,-76.64460326373056,40.115039943804256,40.4890634576756,-7.3475044018487665,0.333899098446797,27.59355964629738
I Saw Mommy Kissing Santa Claus,Jackson 5,0,-34.107704617911956,-195.4936915562722,38.37807637502546,-69.65297426368691,17.082984404260557,-103.62790498907215,31.643122778134998,-62.297815878679216,-26.86859378512539,29.736094504120906,10.470949924998157,15.642437899161264,44.242820609451684,43.91837092377866,80.4977882889989,29.406332299227252,-29.001896591004517,20.77817226905668
Say You Won't Let Go,James Arthur,1,-174.3198927462484,-44.99095740780269,72.27054717888387,-120.78936558381466,-17.37732428958609,-26.3036061864041,47.18154859083572,-60.46467411583399,-36.02039054766832,50.02124139414198,0.6834412123765199,-19.987640663342116,-0.3414922418682698,3.0197930069084475,34.928415674092214,38.39826284599801,-13.105585037926396,-8.151695350066587
Girl Like You,Jason Aldean,1,136.3159378574823,-112.1778242941315,37.347322978036935,62.79631250343342,49.685092216055224,-14.532763953395307,-11.033016945105002,-7.028208597712333,-64.49567336376032,55.84378960734433,-33.36035790067013,31.615056899294686,-33.157298613496984,97.42370567807107,-43.257833273646035,0.06314672835573934,4.2904549216353915,-7.715441390460572
Down Home,Jimmie Allen,1,-29.833024501349055,-37.332842646486306,-97.9013090865922,114.3702477810947,75.76348321199103,-44.949376199273615,-8.06154575429653,-61.779456590651705,1.7429471360944853,-7.012103569216617,-68.95252696827409,-4.573779481322424,79.56397872207528,-42.966785626048576,3.304328900637413,-21.95988884588586,-49.3499595784483,-5.177862905500332
All Of Me,John Legend,0,-197.3299737188278,-52.055085290285355,183.0590150058155,-7.486098640816873,-29.562375602408643,-21.9789300699777,-15.374792386954738,17.084562708775312,56.940541567113165,-39.244651705486014,-6.0274883014423475,-11.203516203557042,-20.31993010493696,-35.1095520454683,1.9280761774505892,8.400005142162716,18.929678146486875,-27.16297276178991
All Time Low,Jon Bellion,1,7.572914148907821,118.17080454438616,-68.47531931413872,-44.93778407813709,-57.399729594355705,11.469264057505908,-5.649399797780635,27.299184370582594,14.87108186615998,-59.10166948818559,-109.72601709996749,-3.9087986222891193,5.6601916705085245,-12.22506357318507,40.23786958037121,-6.838567782047367,15.811033581559295,13.098699747371462
Tequila Little Time,Jon Pardi,1,35.45306528586484,-5.715108511224947,-90.0862175622963,50.48191126790979,-24.432287541494787,3.5070543699138352,60.532073633973226,17.758384036895176,-17.59404012667337,82.1290394599934,43.283761454056865,-33.68392568803082,7.170729797565926,33.07669403050539,-11.75123765677772,-21.62900059777215,33.78565086837953,74.99392927966345
What My World Spins Around,Jordan Davis,1,21.723632992248646,18.752835817959937,-97.69847170837156,-0.6740752913187802,5.532020126057497,-20.30057346557009,68.73371110932254,-46.019702012519495,25.026583786863267,49.06368564116307,-22.63703000217681,4.178561209828781,118.56777154853901,-18.4558040457716,-7.077548241732293,-31.800527868991267,29.11205548359417,0.0714471975130175
Mary Did You Know,Jordan Smith,1,-208.53568897553626,-27.10633564840881,-57.64022480734036,-145.56913186710287,52.79229481752366,-17.398928952672197,-29.768582736413407,10.793497982685277,1.823880649135891,29.956462415437013,50.41790726325745,-20.496281620022792,7.16617556148777,33.666760379734555,-70.33653249463559,-55.235756173100235,81.91933616632463,-27.687090440966628
Climb Every Mountain,Jordan Smith,1,-144.70282046920065,-79.63283378052952,117.66466474247227,87.89358306885052,28.24157024693843,-37.921150324390595,-66.11025632566856,-3.5056523536768696,18.667173626530342,1.8044501419222303,-21.260481185171614,-50.60750455135154,34.46493816066606,34.957845294903514,-6.145687523597801,-7.921003050935264,58.13453342225903,68.21281290019034
God Only Knows,Jordan Smith & Adam Levine,1,-28.778566279860204,-20.02234445019286,-35.13781237947162,70.63398820341303,30.10711744737395,40.391666130209266,-5.135802797247617,-21.648945779153223,-23.027237307220652,-27.4122511113933,-21.203502144090425,-88.03278473284485,-33.17373520233245,-44.732779396491964,-6.621697155053553,-13.975135767701062,-4.674539189421844,5.9694805576833065
Feliz Navidad,Jose Feliciano,1,-7.324079209543522,0.358199507371367,-134.73798647232547,40.91316208706231,-33.41782689549408,-101.7821831866915,23.498178844042524,-21.278993557024677,-26.75334810704041,3.337908364883163,18.642935581981444,-9.37657268626652,85.97997416866579,37.779729915943015,-29.90155577169287,-17.194205723450157,25.597969869674024,-70.2145576217516
Let Me Know (I Wonder Why Freestyle),Juice WRLD,0,57.98202216474726,-28.721856942310822,3.3744886811628154,-120.04153862277776,110.39849410177057,31.905071546234407,-24.28520068611966,-5.060136237211504,79.1315617134632,51.39672014643024,23.960738904283772,-61.22452280091959,-36.5887819033271,55.353217961603356,-34.521946513093084,19.382791173381133,-15.870325474065025,-32.66655071453714
Armed And Dangerous,Juice WRLD,0,97.38518155837211,20.996639840931316,82.27262189677916,-69.18426799537205,63.18837797207236,17.905533248872995,133.81232293840938,5.502554108001847,71.5754581677391,-65.21574287087297,-16.690981680455828,-16.20169337524697,-38.53862179609455,55.05161530355596,-22.562755136263608,4.868152939136277,-61.834471017963956,22.19217856908629
Lace It,"Juice WRLD, Eminem & benny blanco",1,8.332639771234032,63.622662545852776,-25.558961532886176,66.61143772997417,64.38710907422866,55.9229598120604,82.79810943127993,5.649252662918216,55.05199620229183,19.307727390276593,24.707603593283565,6.862378325324699,9.941906254837447,21.402870733553097,26.265255672486333,-22.740064061091854,-1.120736694142546,46.144504047646656
Mistletoe,Justin Bieber,1,91.81028222934691,-55.2567171332656,-52.91802899022083,133.64527048017212,-66.50367514142312,-65.13006740798512,57.393768847771845,-80.21038553543993,-20.867339972612733,36.558928517372955,58.431327470645265,-33.7791130164228,74.18804420284927,-85.69344105416606,-10.505569542601934,24.750911147744848,-24.093500134401243,17.049920562106603
Rockin' Around The Christmas Tree,Justin Bieber,1,74.51043139758792,-86.5723169587183,-71.50035567843825,-104.96062843820617,141.4785351536212,-67.66033863700457,-0.4074713246417533,34.9768145022118,87.88550153564722,27.348427063996347,-20.24601295669627,-47.20747276258017,-26.36799002761281,-4.607282440353582,39.783358809023596,-27.51747505896878,15.756491244836946,-21.911899953295645
Love Yourself,Justin Bieber,1,-161.31385039037994,88.93066817487083,61.031378023420594,154.46255814235036,-6.819834351534086,9.282345042792912,69.31238946944045,-26.258535528555253,-2.733293180465877,20.07687826784719,-23.911578538569177,54.774764424969376,0.6553186799628364,-104.62535571263523,-28.73234285063613,25.53020548230339,46.40390847525297,19.643865613845215
Homesick,Kane Brown,1,33.784040275451915,-83.58338392805724,70.16344831695244,-6.468160796905799,-105.26026988193773,42.06695315944817,-31.603578625542422,-48.04131509077737,-89.67873071454757,48.475027200969095,32.43903983135262,20.96412142849894,-46.1894841775377,-43.83989499423533,-64.75985160190893,21.581437392268796,0.9810595595393543,-6.570656030780414
Thank God,Kane Brown With Katelyn Brown,1,-58.10876468507492,-55.009951178180515,77.85809948256718,-53.70615852732334,-81.47480146706869,11.617062265088396,70.92274538378712,5.810646755032767,4.477243757220624,59.41864208752056,17.273760048424396,45.1161550271653,-64.72919420214879,-24.991749048532284,-49.23562975103989,4.244827931419754,45.561728354302716,38.04888287933517
Cozy Little Christmas,Katy Perry,1,30.634279860754358,18.033831289339023,-103.21199357704282,-0.3645087196684545,1.7184926374513028,-94.88972887785994,-75.28813687425952,18.39034306535042,-51.064029193665576,-33.365708026407134,-100.11700441445356,18.967188875192907,-40.12536969346063,-14.987128662501219,13.482179048185106,-8.610307591269825,33.616123540729426,-20.403931152912683
Christmas Isn't Canceled (Just You),Kelly Clarkson,1,121.88912167024759,-88.12947279297764,-90.35961366251341,54.93888358835042,22.180430918903404,-104.72501709229306,-31.447902676340153,72.37894266506817,44.71602563715659,30.495191879877645,-45.473162210219115,53.620256313236204,-26.506040600597338,44.972602308189124,-50.92556837746413,9.46851196492423,-8.630415934489864,-6.445541561098665
Under The Mistletoe,Kelly Clarkson & Brett Eldredge,1,99.07724742367044,-10.44468925546713,-99.40781077555009,29.879645898558763,-18.11996055760779,-77.72839490441497,-0.20361206725212586,64.4339731980671,17.33133154667571,80.57860533361172,-2.4532535510842837,60.6052950826205,117.70666685928563,25.13116346905726,-35.401510014216825,2.409001144851207,-5.328683781834346,-41.589971203947236
Knowing You,Kenny Chesney,1,-185.66929252219452,53.448018520704146,-71.22839201804159,-20.90629095738579,121.19295034586668,87.61653252471424,-4.388537753045839,-130.3049848572455,-66.6085235247543,33.04471688129797,10.966276578853128,29.574989821248497,-2.4256078490401656,36.69486809171447,43.78119599251577,20.7177639359736,91.49391405650394,36.54189871303014
Young Dumb & Broke,Khalid,1,33.56133719844138,61.38070283808561,108.784917900587,46.13424119334217,-50.9720918657011,13.50221136599878,-46.06720005847563,-126.93049354126609,17.488588209543558,49.62585403610122,27.341875818564677,42.15192959957128,-26.575235444415757,45.926865770247915,-47.794228971281015,-25.471049944712856,-30.889644805158007,25.252802726726006
Calling My Spirit,Kodak Black,1,38.16102622341953,125.08905880815571,106.75066806202729,-13.319386587382237,-4.63181402205983,36.52753887793211,67.74313541710117,30.386554464839673,28.714746055343173,-0.7288241609454604,2.7917206187121417,16.032652144646296,23.80312272261628,-8.700257782143316,44.45832959494775,-53.54613066896717,-52.057179320460875,40.05209155131605
Roll In Peace,Kodak Black Featuring XXXTENTACION,1,-72.5753580770154,-91.22383971001146,63.39696361365604,-1.7658543663878357,-31.76047086906649,-87.89307291306686,53.17631425087628,-66.08937948851697,33.500299224236855,-81.29777492603407,-5.262593494639409,-25.050627440455827,29.071362190409122,5.6445358561266215,28.97378819717713,15.642614397110696,19.938345968872458,33.65457681421991
Shallow,Lady Gaga & Bradley Cooper,1,-233.66384566525502,6.637495137382594,-90.8703802803187,-46.11437441181527,48.89344364665971,106.11049549794407,29.801639502078924,0.5397354819307493,-43.02804036696285,53.940839312836346,40.99695800477974,30.190974845547668,14.87583869845879,24.317869360789338,-18.663563516973763,-13.778177801103663,39.946653469538646,-61.68169682305767
Fingers Crossed,Lauren Spencer Smith,0,-46.87030610399408,-17.116815737968498,-75.28111308592983,-136.6837539309578,-30.267605661832263,-160.80084559436892,-133.44419706558244,-26.128602958757405,7.799199238346753,2.231090003001077,48.42933431262454,-9.315154049132854,-8.086779604610166,-13.00840341940571,9.046120755135963,0.9390415146666271,1.9040937931083024,-11.46170090493019
Leave Em Alone,"Layton Greene, Lil Baby, City Girls & PnB Rock",1,97.50637472967506,119.85952446052063,-4.939848477022708,24.477993127922275,19.88262949942055,-42.57913288782325,-140.1624967692831,-123.13693323966847,-81.76445768291045,9.3425586087228,19.944048619941753,-1.325419405906708,-22.69032215259534,-34.71665723865277,35.906165340270036,46.06223592444515,-2.3763799103873,-46.546975543251584
Someone You Loved,Lewis Capaldi,1,-133.04987837759262,5.759372859863021,202.81708608152144,27.499400825615293,8.551522105832593,-65.6547088513393,-20.185400351928358,30.532759832249724,52.163593496472764,45.709148978795284,27.646223630072303,26.701160019374232,18.401502124464557,-25.701723131877674,34.41636498326809,-99.92880958695427,-27.678728034805076,-61.34561391230525
Before You Go,Lewis Capaldi,0,-154.00345301150696,-1.077594619055623,114.47482913938545,-93.7401305799817,18.08363110415041,-62.18752381386864,-32.976300554990466,-33.25211874279487,-75.26544043854773,118.51455186757552,-20.420231208531963,17.729682397996484,-26.600689939772053,-57.50036089210185,29.019038950354034,23.208464403319596,-66.18309977470498,-6.771800038440246
$ave Dat Money,Lil Dicky Featuring Fetty Wap & Rich Homie Quan,1,188.57830084712322,27.755167086343583,3.4292407307025816,12.74246182904315,-45.5974562812923,30.741351828213624,51.96110816615635,-66.13049440588006,-70.03214271415288,-87.91453080568228,0.12973417282057476,-9.039340372461904,39.01999650373144,-7.751756039126784,-24.73466044462145,-8.245307254504358,-55.41129897948342,7.970140943500081
Broadway Girls,Lil Durk Featuring Morgan Wallen,1,-54.897268088031744,9.788426987067,13.664889809552408,-138.8472295924715,-56.672734509599096,-84.47348451872695,12.271039929804857,-72.99846177859828,73.39637623177325,-59.27671595665063,44.2106511022422,-4.010154897544675,14.048825486670372,65.63733013968239,-17.864442014485675,-35.385389339387224,-30.671003889574564,42.381352036695
Montero (Call Me By Your Name),Lil Nas X,0,-55.71854713142472,69.45803948889377,58.582264007963865,21.323983489729326,67.5137303380645,-52.14435172477816,116.69353051322553,82.94139144877637,-65.25288667902834,11.900345263022466,-95.46976307140702,30.752577751664997,-14.167798175568233,-30.352071290126435,-53.40034603046182,36.61698705747596,-18.197463448755062,4.467224889570265
The Way Life Goes,Lil Uzi Vert Featuring Nicki Minaj,1,-25.664395653833203,-33.84302818100033,115.58459844225354,111.4185191716804,-29.869141918985147,-111.37372484832913,10.579576810552535,-71.7651599882883,-57.44487483148059,-10.940237662313194,47.069856509868934,-31.94541728951446,1.1760234262997746,26.035555553768575,-52.86212206183922,84.88783767570474,-14.128777350586594,27.57179974723979
Better Man,Little Big Town,1,-69.64469591870825,-164.08080745342124,-11.825335534105694,-80.20079357892122,1.3133855599375344,12.870756265590996,-19.87010359395313,21.149688771577537,-13.015460496874017,15.897257698993469,-16.278578983094217,-76.68892700007414,51.30163045413891,-36.66580633759264,39.94570029481796,62.770142492312445,-82.37294290370158,23.480222074670976
Good As Hell,Lizzo,1,-10.339230028939001,5.175242737232772,83.55440318492485,-105.01089952993537,-13.984616747226053,-79.04142756529659,4.076965844547401,35.30486886198306,31.01579916489436,-103.95614312088458,-89.50336845627352,57.475766526921404,29.933937080444323,-20.89582689210081,-0.5151434688399431,-50.21148363885675,48.67135626614686,8.849324043967666
Someday At Christmas,Lizzo,0,28.523442171951693,7.630502937200415,-103.96406521727197,31.87150282268555,-48.187057975086326,91.79262775142102,-31.42309004780345,92.12204430834036,-9.570728579953098,16.407198310583652,-79.42841712114225,-15.203993856945592,-0.2717127097610711,-10.181422893971463,9.777161768769831,2.845838115026077,-46.59744505785807,15.911588996902614
Despacito,Luis Fonsi & Daddy Yankee Featuring Justin Bieber,1,-108.61238652290501,100.74603143138913,-111.27321592747747,56.63865790494471,-32.10454611978791,-21.44832330553316,52.24108450555956,26.629574771926876,-15.942366831411514,2.091470983765596,-2.3971666158522913,-21.11127665833298,20.64303048987109,51.80477219271858,27.779286745573284,18.198983208946025,-13.8110266587038,-2.175836766648204
Even Though I'm Leaving,Luke Combs,1,-9.807553919729513,-72.75503164589539,-132.8223704832709,33.77512878645961,111.18767713632175,21.314497141833826,56.31266129005236,-20.953734802507352,28.701967288185795,70.58312892216045,56.30706086449749,-14.447126617354376,11.685698037322567,-2.217123168558952,-26.870251540442016,0.13572106100702572,-30.364798281657905,-6.626893170728324
Better Together,Luke Combs,0,-156.4921516982058,20.45748788836245,-82.69370311180768,-71.78853748669499,-39.248793665931736,-22.349278097138583,8.367338717403658,10.594695398331515,3.9498408289907907,-24.143909547811003,24.95051423380005,30.002352883097416,-52.08536278230239,-45.308084847046494,-1.1615793019650322,-2.9688374245065177,23.198134301219515,6.485505698061887
Lights Down Low,MAX Featuring gnash,1,-109.27301867889034,72.13594456148181,106.1500351332895,-125.86783732878136,-63.8645451199742,-59.2080213149525,-47.28673005941863,-11.653290339436333,-16.58373813596786,-8.911637035221458,-117.87024075712037,14.122048894028836,-58.21783448818607,-92.77354917526279,26.670110557185954,-23.81242877791162,47.049447379011234,-40.65346782799972
My Ex's Best Friend,Machine Gun Kelly X blackbear,1,145.7164487737059,56.37955874420713,111.78571558359558,-46.94683130440735,143.50681142075936,98.938868308852,26.617074719818326,64.86822320013215,34.672410899496334,50.12823118591166,14.198670888350293,22.825708626957454,70.4589078675461,6.871275508993448,8.709998685086719,-26.77838066542554,40.814630875038176,-38.96333683494896
Good Old Days,Macklemore Featuring Kesha,1,-36.50647169569109,34.581635329300646,104.3788079611146,-63.45251231843627,20.635317900012822,-64.94084702914951,10.71902198966546,1.8504571666296947,-54.89784747810374,30.98379048750532,23.811728416134592,90.69529182873453,-53.8352804022362,-16.465613486615304,-116.3950155980976,-0.5752112479816911,49.394863951212976,-0.6812106881919954
Cold Water,Major Lazer Featuring Justin Bieber & MO,1,88.34965976028037,32.37809282479171,-78.94001165848043,95.04148748790213,-4.938533087108489,-21.40232404418078,14.046320408309105,0.27177389763166315,33.0168661569709,32.06223848307233,-62.435893248682405,-40.482343989401784,35.98246677170193,-27.594073463037255,-0.473571702545867,43.14732958590747,-29.253420997663376,-22.46830005962293
Hawai,Maluma & The Weeknd,1,-145.8555071766742,100.71015145553746,-32.586960640427264,123.53693071408023,-42.79263351764455,-24.84179217447636,-43.96033432609914,-7.8055517779847134,137.72726223473242,42.62427122514777,42.32566252085535,-48.41214848278944,-20.084220515435803,74.76137904774762,0.8443586165083844,-16.86266376344516,-46.733852528476035,-26.483926413469245
All I Want For Christmas Is You,Mariah Carey,1,-207.3766071513211,100.6301325558983,-86.41237511090895,-27.510889698774964,25.166360938120974,-21.07634701111646,60.31035623570216,121.64453094044494,-45.95919150358285,78.09892321151428,-40.3207690515021,14.717954096250562,67.5709579910413,11.103723634307283,-82.04772268225537,16.38383601672705,-21.79158855045502,-41.624776829523356
Nothing Breaks Like A Heart,Mark Ronson Featuring Miley Cyrus,1,-56.80779006378097,-35.45508491153476,-7.839332938490974,-82.21634738253282,-15.017093379627013,-59.59177105196921,-19.32324175591559,-69.19440290604294,25.77248622480541,-66.47216329425135,-18.968676071429968,-12.809566984932117,7.123631598136728,98.27396594689507,-37.53561861018336,-10.522863654001487,3.181938102393068,43.18280339022232
Animals,Maroon 5,1,118.66040521497854,-25.67824890894753,-58.02517405013442,6.173081564914096,-17.292064111207925,19.4727107855121,-35.47753675423922,2.236101023364388,-27.142300962545928,-28.59372608435844,17.485507305733307,98.82152293268616,4.077639964087246,27.748947202936307,45.67452197817051,-9.688507744091867,-46.88976608520877,19.393933247245027
Memories,Maroon 5,1,-209.33249087950665,23.541124516225555,84.18213983930204,105.71244464601996,7.017402182230917,39.472283013836,29.516389414579255,16.06607549127743,-41.4278978137931,46.92258728833539,-86.96240070835351,21.237554159600357,-52.7213994408791,22.49071567999187,40.64761604630239,31.5555993513713,8.690809505040875,-22.56788869729801
Lost Stars,Matt McAndrew & Adam Levine,1,-134.70360071819235,-67.04611809248267,-122.53190297224711,-59.943374586591084,34.10554220265844,-48.34800957069941,80.86554574355195,59.21578757251008,11.370244479913515,-91.51188030847716,-29.733085300468428,45.397508085143386,-53.93449152286138,-22.502004840538092,50.64190364470896,-34.553062166517876,51.18631662782182,-14.274467216920392
Dangerous,Meek Mill Featuring Jeremih & PnB Rock,1,174.48161000496137,76.0094140136994,-32.13346117589166,-78.32430960537526,-105.2206351902155,5.770294413682969,-59.49183261924603,-36.083009493678034,66.90090581921207,105.26616940341964,10.091732367207154,-33.25416629316468,-51.94297097806728,-62.676721085795855,-31.676897560461388,-19.04752458641154,32.7815226952144,16.26865525703809
Cry Baby,Megan Thee Stallion Featuring DaBaby,1,-3.2412486047994102,162.80103845838582,79.8840510643012,-26.531209594185366,44.867585819573755,59.90576971009491,67.04406529089029,16.817281774155386,-24.166388824370276,-43.80357516855685,2.4441262498871756,101.9575801301853,22.384103360265087,-2.3510737818597516,-26.33068719842703,71.18233031534113,-64.63204908847422,-33.16081094164402
Made You Look,Meghan Trainor,1,73.65906771794344,27.32547139730092,44.806151550928746,-95.51841911015482,30.583832727828128,-18.917450942087562,-64.49450391891848,-22.00493184108139,-36.99979395469549,49.603445818407984,-27.680508376371154,-5.444310328398503,49.57954808063999,24.93690902165805,99.27441821878317,47.83945372123429,-45.82731199342083,52.69730153504297
Like I'm Gonna Lose You,Meghan Trainor Featuring John Legend,1,-9.018985056475184,35.63220583601857,-96.33393929572922,-56.828957448894734,-160.7907621310949,-69.24626061922288,-10.98333892885885,7.986673353255518,37.05260954117812,57.76099294683719,49.35430523316616,23.926302637723733,2.5898326205441013,-36.31591700272344,-15.854233309108235,-16.928609132071568,9.074144218896812,60.4679200040598
Superhero (Heroes & Villains),"Metro Boomin, Future & Chris Brown",1,-63.98220267765178,-139.0398252124381,109.4334160012884,-50.38001544456269,11.30234362180258,-15.772360499816585,-71.13134883824962,-33.11589909070793,69.30812298652577,-89.4023744322671,32.123161483707555,16.248137298106858,-45.50439937460969,33.28515897145714,47.68244646583891,-18.218687550861667,16.24861383538356,-15.448380684112584
It's Beginning To Look A Lot Like Christmas,Michael Buble,0,-83.58875643982188,-2.4761737369974983,-67.80611372400318,3.7947911057173136,-1.0157510145923845,51.28712076309449,-34.11597984724463,23.536607657639347,-103.0046002203558,-31.90327408919665,22.76290218366699,-53.08793248414414,-48.88012951504985,-18.573800804147346,29.314719272424764,-66.41432369648888,31.50043981243461,48.27249815287344
Midnight Sky,Miley Cyrus,0,113.51271725606851,49.66145159539281,-81.603882221248,-15.211130180200243,85.7925682094327,26.475783320497687,-100.45105902613696,77.31351955700283,94.26608642018768,52.94894846778897,-88.3398159611304,19.18684067061698,-116.55841944794678,18.022300676869268,22.64422091001853,25.37472340400666,-5.261133574492513,51.49739104361662
Scorpio,Moneybagg Yo,1,209.0054797660061,99.99052812339886,-6.341962627241237,19.1946751698366,75.1881567672655,15.775632167980156,23.504288038423944,-53.365762202509146,-26.97894939407038,-58.700902131610775,162.1477820473384,-25.556699029263264,-11.176544947936737,41.71785704627621,40.4855369904519,-21.927812967802588,45.817674190006386,-8.44093342412488
Last Night,Morgan Wallen,0,-82.28895231667437,-93.01749773305987,114.16653751959251,93.45796025762766,54.06873641976337,-81.50138093616894,72.1941944109403,-52.450421967588106,-7.454339511032142,-10.446190609101036,-31.836962867584305,-47.49576109973037,-0.6367126000084665,43.50348358323531,34.331469996834464,35.932954682872186,44.95802664769201,65.24596236753256
Sand In My Boots,Morgan Wallen,1,-167.27667780288584,-122.14620716769109,144.03616255550406,-53.941012388184774,19.931519146411883,41.289265391413295,64.8777184727659,-42.69830909741218,-16.307363028820244,22.545165912854248,6.594059950093755,48.65118106622895,-23.531353636400574,34.072572384321326,-38.56723439356342,79.3939005824307,-14.958564274250854,1.254682589003072
Ballin',Mustard & Roddy Ricch,1,-17.76293490652275,17.67837010002538,-84.20373313926383,-41.31966098330091,54.80079836756182,-31.64122009497255,-59.75735502835433,-24.371753518500626,30.742308387007583,-82.19108260183951,-39.05746920745546,-51.052883578095006,-86.04937576739495,-85.91586207369234,10.316802440980782,11.744391116752938,-0.8327459528540768,-20.372395803504798
Lemon,N*E*R*D & Rihanna,1,42.16174854676172,197.64886408618375,11.70047582787479,-10.228828219455732,-11.782104072069636,72.29057096685533,-15.026690321958165,25.553407378464826,-65.17919236286143,-17.70032227645753,-38.161713962165635,-45.49544283728543,-53.681582173543255,35.422602669541035,76.52934638711224,-22.54645218398264,65.41063575622486,-2.2873173647932536
Camelot,NLE Choppa,1,75.98273024603662,107.56742753648952,-26.031637530476278,-48.98163794098987,33.49977012688596,-30.057483266240546,33.12372849890082,-35.50640371996231,-28.568346330078427,-64.84420445422589,23.107290353564277,-21.17918865812439,-35.68156288943179,8.090433999785175,-12.912588554349917,25.503050707199296,20.749601004202756,19.98800929284987
The Christmas Song (Merry Christmas To You),"Nat ""King"" Cole",1,-136.6822906355819,12.597094424229724,56.782470928048156,44.41185186669206,24.155353253089984,36.52289553599247,-98.7603022327406,89.22685569241575,-20.82857736410183,35.17431868517809,66.32574419256986,-24.0416443941167,-19.915004022594108,-13.229943934282808,8.939128743785433,-37.38976249355835,27.999593275108694,4.123104606921558
Deck The Halls,Nat King Cole,1,26.99380894788304,-97.79087618062849,1.7024343999929203,49.58020604276307,-38.926289952267055,0.8457458092671069,20.67211459085771,-21.165337909568937,-38.87385495974536,-46.588976493742436,-53.9281036933396,67.85688365593596,12.726839953065786,20.757806438118436,-13.364806985496285,-45.82057009806575,-18.354293733357043,-1.230804532897132
This Town,Niall Horan,0,-155.40836319203265,-43.97999047895864,-39.04892077765731,142.39871170584627,74.78873294246426,17.76064591423466,7.144568291736466,-31.131319041950157,10.466987297716038,36.70574582783681,-9.300798711280162,-1.80183990957574,-14.404299685018486,-32.569304804231884,44.09102615274385,-12.531486527998394,8.257282384607194,-44.62336029290189
Nice To Meet Ya,Niall Horan,1,-100.77241050278987,-61.57369417707887,-91.734953799474,17.634514574697008,58.23463240273052,-21.1973661546252,9.836256939895142,-38.91132028680634,4.2153204832130164,-66.41232540299622,-16.536517834511866,58.80920284321556,-72.27341890508738,-57.87182799758629,25.65686775244442,-14.352592389082636,-48.58847921729593,8.208554532936148
Get On Your Knees,Nicki Minaj Featuring Ariana Grande,1,37.542036253309504,87.51387653021943,72.27385996143404,-39.49319519387804,28.18029502189396,-23.103454740933262,-107.50438606466602,107.22850423658393,-53.60253927843469,-65.68055396891339,99.93332180654902,-18.424529798410973,3.619414127991055,-83.70581450405895,-51.41246504979209,5.561724811767072,48.130027475289694,18.35653714199528
Feeling Myself,Nicki Minaj Featuring Beyonce,1,64.28593627070063,43.58501809340756,-48.98679992172334,32.088334987263,-147.85691326890512,-27.78699306555482,-36.95019148580643,-70.65239042295126,1.6677990522052821,-4.349978366718971,62.09226039370505,37.927074400025674,27.953408352969436,-55.931024816364896,-22.96677759569995,74.45624910414458,-18.435822000971328,53.48051218926146
In Your Arms,Nico & Vinz,1,-136.85183820492495,-46.8370251470981,-161.07000836064796,8.89379576555615,22.284448946156314,-27.68179938055018,66.9221131877962,-60.304130292225246,-64.0320526210172,13.207650745544994,-63.1201179106507,-52.97217674932439,-10.903551979832038,23.68344485042661,-29.53944454633011,2.7748952737806922,27.1675095243803,-56.3010495614827
Good Time,Niko Moon,1,-61.319870944031294,-11.320785280976889,92.75685699308853,-123.79279421131235,-21.658209395599137,28.96616991801981,50.609157785510305,-68.06471685953454,14.206869623245389,40.727973731450305,27.513141552207014,4.567699733907558,-51.81607561119326,11.656956000963252,53.58546001394495,44.43995843105635,-6.407030118359528,26.034798778203545
CoCo,O.T. Genasis,1,88.13941546503939,134.98334558784828,63.493323801406305,-36.64410947811764,115.33497312917471,16.730154672341097,-12.620657027283729,33.70770105449592,-30.616877303155874,-11.836596757745372,-56.06676652013013,44.08702175374199,37.663361571628315,25.948124410515078,7.506584465095185,55.915592432491,-28.500122059655993,-18.23896508033243
Favorite Crime,Olivia Rodrigo,0,-185.17713162097718,-11.292791618259454,-81.00560015983059,122.15969410827577,49.61534052539486,55.38567137797016,-8.515635245048001,-4.326965925602926,50.075640457136764,34.959976056936995,34.04398199518721,-0.14050846088459332,-28.598599896206878,-29.287812535054357,-39.83801769826981,23.637967027819947,-22.72700444384584,-92.59383955688824
Get Him Back!,Olivia Rodrigo,1,208.91733349621387,-152.59188967276089,-14.784749849811284,-46.645294000218925,22.43266505627571,-11.258252149776203,61.08508500794675,37.34779520357718,46.75743041392563,-59.03836406981354,-54.628647349719046,-67.19874255843725,32.27674461251559,27.019061670339685,20.023021590208888,58.26790892351404,26.796264859302283,-20.3027456019289
I Ain't Worried,OneRepublic,0,78.2295340756203,-25.15307468531095,-18.88114066167082,-69.01723478594037,-45.7900414759559,20.252471364562567,-6.4852055587093105,21.81407895971466,11.955085078360316,-36.3196819298872,-62.997449271637194,-38.71014551788154,45.60275310034741,5.363240080881487,56.07829588775158,-4.639035474440682,36.439199539061995,-36.69120866813172
What About Us,P!nk,1,-20.700858822131153,-128.166507792591,45.4219626453476,42.22754469629365,-54.30397938587208,72.66871951404805,-15.914420779321185,-37.07041380018535,94.1221959942092,-62.50413903869118,-9.432436650863698,31.146386951541157,-11.08274054867851,16.871105070606486,-39.081787378376774,31.876261189061413,-8.398298568604806,-35.89979387845298
Backin' It Up,Pardison Fontaine Featuring Cardi B,1,65.62999171784327,87.14718449633588,-14.37570504430207,22.100355863125515,-149.3824808194286,-4.748855830185629,-4.080558866630182,2.9818116709051083,-16.325342878418613,-43.36600589642663,-54.17596121471888,-36.231234288210416,-53.14497217132488,7.458674394709375,-6.711884712829662,-8.95965854386511,-86.31627735833965,2.8268068999562543
Close Your Eyes,Parmalee,1,105.47439854544314,-116.5855904516892,4.974821914748771,157.54045044548252,90.56036464830652,-11.112860366029038,-29.6845565216962,37.49428209812295,-26.441210138450202,11.519073906684019,-80.80588132429435,-7.34216242760117,-23.453778109081018,29.284737705987116,19.36630238392647,-14.880907848636548,37.957694254034884,1.2888700372052786
Lil Boo Thang,Paul Russell,1,206.1514905481448,-77.7916670884084,-38.163907779886394,-5.659721383301208,14.483817247805506,-24.829325517161934,93.82879994615519,18.997210339821585,-24.186341426667433,3.773518774597113,58.93949783809884,56.97481581274829,3.6287537876641767,-54.44510741765143,10.038934229589225,26.630115879428246,4.381296079786518,-28.889020152115336
Hallelujah,Pentatonix,1,-185.2868830947927,37.111477752377844,60.17571198522508,-112.10407850822696,41.9032640418757,15.905281192867154,78.00229512398516,-54.36667792423176,-28.797691813623363,29.8758720744021,-53.54676656733594,-47.208979466379326,17.764153754699798,38.39146426725201,-5.80051352004977,-88.6885667041884,30.86481142496776,-7.6194124252532065
Kid On Christmas,Pentatonix Featuring Meghan Trainor,1,-181.21508445217313,67.74142446967491,-76.72083870028628,-42.39523251558054,-4.126326141561658,-24.983180292643375,73.1517678718601,-21.515675826548186,-33.57048349568875,-12.91232849178875,-7.883791155040868,-50.244487339374395,-64.88699482697966,-0.29907736137325436,-3.7671756424321035,8.962597227823027,60.25760272875115,25.07096856830293
It's Beginning To Look A Lot Like Christmas,Perry Como And The Fontane Sisters With Mitchell Ayres And His Orchestra,1,-83.58875643982188,-2.4761737369974903,-67.80611372400318,3.794791105717308,-1.015751014592402,51.287120763094514,-34.11597984724464,23.53660765763936,-103.00460022035577,-31.90327408919666,22.762902183666956,-53.08793248414415,-48.880129515049845,-18.573800804147332,29.31471927242479,-66.41432369648885,31.50043981243461,48.27249815287347
(There's No Place Like) Home For The Holidays (1954),Perry Como With Mitchell Ayers And His Orchestra,1,-173.7537720547533,4.612902897522099,27.495480587553306,-60.60739764345692,-14.932689634517532,89.77490537544199,-59.088179052946764,25.06536257087878,-81.08796645445653,31.649306814604877,-3.3573845785996226,-26.249485845202283,3.6268389236237413,-34.9645238743205,41.68842762912321,-10.981968350444973,-53.62935366484833,78.84274637292489
(There's No Place Like) Home For The Holidays (1959),Perry Como With Mitchell Ayers And His Orchestra,1,-173.7537720547533,4.612902897522099,27.495480587553306,-60.60739764345692,-14.932689634517532,89.77490537544199,-59.088179052946764,25.06536257087878,-81.08796645445653,31.649306814604877,-3.3573845785996226,-26.249485845202283,3.6268389236237413,-34.9645238743205,41.68842762912321,-10.981968350444973,-53.62935366484833,78.84274637292489
Bellakeo,Peso Pluma & Anitta,1,-37.016104308511046,63.40276296227338,42.313124248401365,137.75334300572544,46.37067241950955,-128.0405979375952,-44.45109779208059,54.06459108005718,61.03691962508981,-9.532355969426709,-22.070810160091355,3.260486270102924,40.827054635874426,-47.24397701174326,-44.670300613517995,31.421574564940425,-9.597894329014085,-29.447056627579485
Time Of Our Lives,Pitbull & Ne-Yo,1,-27.777466648763447,10.807293315370153,81.53877713621014,2.640529596784496,-88.70475675293483,56.156706502287456,-26.13370202614662,51.40883933782541,33.37758099372856,-71.03070361453463,19.38306823204597,-10.962205017705108,-14.443964433108762,12.918153278791188,-42.72231445454645,-15.943445721475157,10.347437401262633,-18.648419919103898
Fireball,Pitbull Featuring John Ryan,1,162.4734088442973,-20.5523770248236,1.2092153205715366,-9.92920882229289,-58.46567306415524,3.025567304398454,67.65973807797342,83.0836597818197,-17.60276286380544,-4.802895729926529,13.244693467281257,33.624196011589156,43.18726803279115,-27.57316665474656,58.24745578685968,33.81252008557591,15.254793778553838,-16.637817260531996
Dior,Pop Smoke,0,161.6721840797185,25.412015038626,-43.95973760295561,-4.3833942111041715,-93.1802510136045,-7.006994161771729,60.596447590166996,-39.99135527940735,-44.38488960554566,-26.731474305811407,-63.111241307843535,-42.38744753402611,17.297049609589312,40.62907856009647,-33.886520416518174,12.260155294692943,-8.527317814197252,-28.485941467045016
For The Night,Pop Smoke Featuring Lil Baby & DaBaby,1,-0.6904541850284279,142.16402763058852,65.66189698091883,89.13534604147726,19.194021830747985,-27.37928633673113,63.48476929692317,-55.195657426083514,49.41641216016233,-5.933505112295058,-33.55363567594076,13.788896368149897,19.723109288052807,-24.82111817068937,-8.194849161424305,-54.62036882785626,27.438828917391024,2.375644903879884
Adderall (Corvette Corvette),Popp Hunna,1,16.506552906996085,163.0407657829373,-28.885628555519943,-20.24154463733757,-22.968627039580806,-4.695089771283552,17.937913146372424,43.20627357731157,24.713771082485565,-61.094668031558264,25.14011418465327,28.3312989649775,-5.331687574225662,-13.159157842802943,29.2399369231997,-35.53487345056609,-0.9654538703777399,-23.877715338499303
Wow.,Post Malone,1,61.13097553746683,135.87133362723458,38.85273371709235,45.20854341147244,97.66734339955732,27.692881722855685,-81.2601879905947,-31.43288419626463,54.90235298889923,67.17549652302819,120.78463569304834,2.852511574678162,11.975101478829556,62.6839768246856,28.85607215228544,9.934121075337435,37.30899443022616,-25.0273826672835
White Iverson,Post Malone,0,-188.5170571660513,-2.1540520475082623,-115.17376147571852,-17.042583854706997,19.822611497878935,109.66390634317155,-16.299226635841233,-66.57375241705081,-1.8048634975069737,-61.45664133025403,14.286232546615317,9.320856121151255,-61.12497031920439,1.7155103458030196,-30.529002667370996,27.512724177763335,-12.907544627151772,-81.05420006149943
Locked Away,R. City Featuring Adam Levine,1,-152.50566759054695,35.16036121533212,176.39345002681543,51.78263355546171,-38.29925588127168,-54.80580419391382,29.60415318014899,31.015510508157597,51.33702714864624,9.47480100939602,13.336041320741256,-49.04906334860816,-6.809779177100685,6.961370405271077,25.49826680805285,0.9717740113292089,8.90587132924462,14.56683592844764
Come Get Her,Rae Sremmurd,1,-103.90229720872063,46.09511802899591,-81.17032243722765,-64.75832328754878,-92.60329469108764,74.78759454434358,13.614526131978465,9.291046433053353,34.45135925680509,-74.83928503206012,69.80329654481491,12.863914008107935,18.713367352467127,-31.474625420436066,-26.989323460931796,13.638852233196555,-6.327183942627249,-35.15951532254104
Swang,Rae Sremmurd,0,-188.99417261118853,51.79633313368647,51.09781897900379,-133.3857075864111,-45.31276916757548,33.53589573188402,-66.46579738531887,0.916069483459154,-66.18389361608074,-43.7030364263742,28.32428983193726,27.114015461805415,-14.741865609576013,65.93886199887747,-117.61909553855818,58.22461211371696,63.570776878539895,-2.7087113684121245
I Pray,Red Marlow,1,-83.17613538333154,-91.22566338224566,58.840202374677034,-67.15776175676957,-14.572939448662051,31.970082284918316,-14.6279044491786,22.508189320006064,13.881607507612578,55.63461138451014,66.04419532824821,56.44244619624784,58.68341025122725,-14.126210307135159,23.22790273926872,-55.2671255545047,-12.740187711679898,33.36945175594263
Lifestyle,Rich Gang Featuring Young Thug & Rich Homie Quan,1,15.938580724938785,181.17717825920153,108.7871150493349,-7.625806207755426,15.010075348876484,-65.40759884928059,-28.83210744038023,-85.58803639841939,1.5555761888190642,-54.1553659971866,-89.62979704101271,-29.320084442483346,68.20779734400523,-2.831191152703374,82.67105454404197,-72.12168038558298,-26.772658887175428,-5.067836633259396
The Box,Roddy Ricch,1,120.31986350060939,-5.13813361050095,83.95538312451625,-20.91635759229083,86.62506834750124,10.854760078484903,-10.78664630554936,3.907442494092379,46.02202916125613,-16.65974323274143,-7.866455308409678,8.063229732450635,-30.04507679597125,36.70386872698826,-3.876329394281434,-16.664201285853085,6.010768352863614,18.246556617140808
Start Wit Me,Roddy Ricch & Gunna,1,3.0691855674181094,60.77063924239762,35.598203326407685,31.706213175670648,3.3331376585772223,97.39185284883271,-77.33333477555352,167.05331748665216,-33.25270327050475,-78.11499451307334,126.8627407589176,-25.371393983934777,52.86451123808294,-18.784360940052604,35.26418665414559,17.28246344023237,9.536439801769852,-4.837974198447655
BEST ON EARTH,Russ & BIA,1,86.10500137748897,29.7372441953971,65.76620254975973,-16.49048691116583,-44.29176866049502,-101.16207076232035,-25.913140500399052,-68.15794385512376,67.911645473574,-8.361301737168604,-27.40576102781657,36.832776705825424,-36.5989528619229,-43.63278684165518,-23.950480167659006,-54.90415664211159,-38.34069888300994,3.8990497236009425
The Weekend,SZA,1,-79.0338965500306,84.8470800310104,49.26505219370917,97.28225460056808,-30.892323951355674,82.61061855540615,21.92254761225847,-7.183564900340492,-25.30472951567398,56.21221502468966,-1.8541051296039468,67.8548886936772,-92.60002063256074,-21.540014510423728,-44.59060627514119,-84.71919573477675,-53.85777671834823,69.0523836063648
Special,SZA,0,-166.68265317732713,41.371990959410574,-64.81924449069274,-94.01796469817984,-45.83580067615942,-19.03824025645643,-6.2480458636095655,128.69651255719654,45.35862022607782,-37.15663857671219,37.07648863237694,58.53711900786035,21.64110182200075,-40.51605848176034,53.374025412832296,54.904276901348126,36.72532814649781,41.707077932314206
Love Language,SZA,1,-184.1813994627614,123.47010970882836,-100.82443886950288,-39.1170893074287,-84.0269530841763,-18.956613358051495,6.7737367785456355,20.55891567070295,76.0354457993433,41.258740895629096,51.082626212598804,-33.80967901183009,-23.946201705707686,4.165107716933425,-43.720686093580774,52.56633731865635,-25.507540051493493,-8.947207717861714
Nobody Gets Me,SZA,1,-216.00581293848853,59.06808793034272,-136.455855013344,-6.336317771238204,39.71920631686882,-49.14851537808727,-96.98728535134337,-14.150234667325035,-15.704611892900274,-25.144455387580596,-38.07480532235212,-23.231142605475462,-18.154977168306417,70.09516644674456,-15.853200359739597,64.01042075540305,-23.384586562948574,2.261194891157937
Used,SZA Featuring Don Toliver,1,-11.013461666258042,-48.28382364537348,131.3862067624354,24.743461536869198,4.797295045665893,0.7401917502896724,-59.20067108320051,19.945963813303685,26.362628285765787,36.734497850508674,-44.77255926653862,47.66603621307714,-13.395582766871154,42.388272916367995,-48.364021107411396,7.778455834710686,6.154178804067326,-13.21400820724338
Feather,Sabrina Carpenter,1,184.7350009646517,-54.39157395968452,-53.67728711182342,27.438540116136394,-41.10622108556607,26.579484198258584,-74.45541336325722,-5.042773153086849,-59.28853069917487,19.894894612151983,51.02224147194398,-15.209406454009432,36.30318244477683,-23.452867769301825,50.190761432953074,95.79261381090704,-13.852364850083445,-28.9260710451785
Nonsense,Sabrina Carpenter,0,219.09358756718527,-90.76981481522847,15.124796003846482,6.7572486306531845,-15.667696437564738,-82.799485843904,-46.17012644161521,37.04640587524001,4.445169407405856,51.67965098254837,14.601734432479875,-80.91045103675788,-45.49142421820696,-34.82745939842285,-20.313073081265376,53.97450684879354,24.492895730497914,-13.919242437217004
Kinfolks,Sam Hunt,1,75.44300652489117,-66.2044106327351,-86.95283813830784,-38.23105876695741,-48.12760872439265,-24.005573972164594,77.38445317008241,-43.05105358114552,40.602436246620165,-49.2492306867311,-15.144708861580545,-29.499621402053794,20.545616521094757,-45.38205236763537,-3.855451381543707,-11.08518924680276,55.43058413502246,-15.73309701727284
Too Good At Goodbyes,Sam Smith,1,-50.85954493775375,-6.189255365036197,27.37892889388643,-68.29040288202903,-63.4042744885234,160.1663533841435,-21.99693838483078,10.853280425110935,99.58488496358777,9.53814608258673,-24.758054327426166,-21.675052503708287,31.753288342535964,-8.808315377909837,4.39296307114001,-19.696692344960738,9.978791723011293,31.268500588814703
I'm Not The Only One,Sam Smith,1,198.53950323480979,-184.69622419713406,-6.692030865524677,-8.882042571131167,87.39966515636299,142.66362686676356,-57.52065156090148,-25.631584630447716,-15.52669207979261,17.262592762684726,0.6227510772189637,2.775740139326283,1.3741675091947956,-22.11446906075414,-19.981134406283974,-44.248797939173166,-24.7416565918419,-43.59678636743311
Diamonds,Sam Smith,0,-171.53163176461484,-4.304926673698525,145.65876571570823,-13.16856774012756,-29.90985933857789,-54.21012032429478,-67.24638593108325,-3.9935451381068225,26.427650422199264,4.264922923495792,-3.9150192331683726,-60.34280757520617,-13.561122639045683,-38.61545397757929,68.96168803103805,23.739886901860515,-58.92222104948993,-33.26853854537293
Unholy,Sam Smith & Kim Petras,1,74.85754254984958,-67.29438291616677,-44.37869702787666,-19.5966223937713,11.415186347366701,126.4984332764533,-98.97419287649421,0.5561379719608751,53.281202903994725,8.098570886328709,2.59667216471504,53.54876017333417,34.546081421827985,65.56662378678563,-25.137427059435215,-47.41398880464567,-70.08700203583304,13.109886133066096
Back To The Streets,Saweetie Featuring Jhene Aiko,1,129.53342901946573,26.11472575557962,4.180367517577601,55.9138356660291,-5.802632628933175,-12.19474651576719,13.848709997712055,-50.99215165115064,-9.832539637287935,-40.01724707806157,-6.81550337460665,14.484352162219466,-70.95735655538111,-20.141432968815867,-64.55748517514425,33.856936046970254,-61.479761282939606,-33.95180579025888
Chantaje,Shakira Featuring Maluma,1,72.03236508720619,113.66859630304013,29.630505189946376,64.07337762965675,-125.5831118464383,-33.20716355224988,-16.37401603817241,63.85969352219214,-70.58856819244045,16.031201354478238,68.57041108123657,14.28453070793884,-73.05893123316247,3.5926437041756367,2.3777429967028447,46.03429978935079,56.96400172256845,-60.80219991029673
There's Nothing Holdin' Me Back,Shawn Mendes,0,5.381801970411983,-2.013382163389542,-54.52223211092526,76.54239279340176,-116.81606005019897,107.47637652328406,57.46123788065356,-62.79424804238207,18.05539734371292,53.19334237177977,32.23683636839246,-8.304345908978348,22.343839953854367,-59.541502761150795,-19.07896159275244,24.448786537164644,-41.76718036690105,17.822996196951067
Monster,Shawn Mendes & Justin Bieber,1,89.55127297053582,55.97565306684327,-33.64499095665568,-50.1678701285409,-84.39272463665911,15.009781719244298,78.00382413745844,31.699807272214333,27.299177057005632,45.81346929917398,-32.50967594874447,-0.5874733781901386,52.82489673489542,-33.87928949652758,-57.405587273490504,-39.19201368956845,22.341323019704443,7.381428586111515
Lost In Japan,Shawn Mendes X Zedd,1,171.525049294033,-91.5671711321156,-10.832177288398968,-73.46546199646698,5.771198535271557,4.73183288099094,128.20738382223743,86.31531832306955,-46.582754878439886,-0.001802368935732879,34.39863154038265,-17.18568832234461,-4.783199009126662,46.00126687649916,-15.984432795141801,21.92531360932085,-40.18096826813276,42.548189813924445
Chandelier,Sia,1,83.03716918249265,-10.040636865995547,89.25359902270533,20.712182159722673,-4.5626169856226255,-101.83842215961943,-114.12590709257255,-37.12800352954112,-34.12512998925544,-36.05138603337853,-55.15733277628074,-32.636902834595354,26.45403188201049,32.94583409490495,13.790237146911535,85.38591281805482,65.71451920905687,-38.47584329664951
Leave The Door Open,Silk Sonic (Bruno Mars & Anderson .Paak),0,0.7810670978337237,-76.51607927227812,-47.19780455363324,-43.995426517030275,6.398479529593632,18.085233078739407,34.67662441775874,92.35298665048344,19.395381802870887,-3.8211536269498945,-24.441361844580108,-9.240516001451875,25.598582593882124,-41.99010926190327,-10.77941120998269,-28.975675007407904,16.52572783766532,43.96619964181069
Smokin Out The Window,Silk Sonic (Bruno Mars & Anderson .Paak),1,66.78018420549927,36.87940040154878,-82.74340506265459,53.034361379464436,-47.781408326539726,19.864651541502862,77.4888781711915,69.74104245939789,-4.068005054510271,40.44668798427684,-2.3357255668709556,-16.032351246317337,52.29061084467236,-6.201687226151574,9.682959017061405,-8.322089130620201,25.43373626439284,108.55895457912112
Where Are U Now,Skrillex & Diplo With Justin Bieber,1,-131.87286427182627,-19.342111674972124,-151.9132156428635,-25.151531736291602,42.60094598934635,7.962850297457804,-1.4422236644049844,45.08806406290023,-17.528918991077298,-32.49039878614898,-5.995926015135148,-25.684725873920133,-1.0039158779952975,11.241933560716605,-1.1309608175895494,19.630593713355463,-30.514532571465907,-1.0775728643616729
Playing Games,Summer Walker,1,-86.70029978903713,111.5550817176088,-89.68619697493497,42.60956669436662,77.50740526377324,-14.468021070211673,16.12516502400205,-114.712163313664,26.5459671008772,-12.319569069752998,-7.11589377673968,5.034630038584135,-45.04612787494458,28.255226571103805,-10.304498666243651,42.043939199210136,25.561878958186714,86.52342933829976
About The Money,T.I. Featuring Young Thug,1,247.23672966533132,23.403718205229428,-39.7806147518383,-55.49586718597345,-1.9367723351427797,-33.45509715851197,-35.559827177519864,59.874879800227745,50.187058162956816,66.188236598694,-108.01556025831698,-12.23103211207614,20.479800933875183,-40.14312886444424,28.82327168703921,-18.174403091660206,-73.33392770225007,-54.84806401068167
The Race,Tay-K,1,42.34499901752228,186.22336267307574,28.02341335174703,12.539888994787256,7.067178660240578,-20.847311469951375,151.00295049661432,74.71911751283851,41.298623487003134,-62.34010115158032,40.298955368529676,-40.96964041580368,-48.80284470243961,19.672934636854315,-51.41416981710194,-30.061448109278167,-27.33271129114224,-50.402477963750655
Christmas Tree Farm (Old Timey Version),Taylor Swift,1,-128.00180384957034,62.22215181413859,-132.3169680042504,-71.66621122345045,35.646815035448974,-35.10573803155946,-60.45843051050765,-22.65805106065193,-74.0933862175839,-10.215126432862546,-64.27317263458022,-7.473973326263841,-4.927942633648401,32.63406953525521,-15.24310068618352,42.08020925251531,49.602692356626804,29.566091647341285
Blank Space,Taylor Swift,1,141.16102592415444,-4.418188220568331,-33.619911054148346,-10.280181938739037,-206.23493637265634,-133.5992617440041,-10.793392584032485,-11.46711416502587,-1.3746960328743754,-40.03195599242498,42.73914725766581,49.02732346127156,37.135504928097454,29.8751185649278,0.4830391464165012,21.71022965363475,3.2047743430291464,-10.796342113926261
"No Body, No Crime",Taylor Swift Featuring HAIM,1,-23.759736078026737,-94.9919951839361,6.601123752326756,-80.23700160193331,-59.96000973205789,-14.783057035629074,35.62945448338156,-33.3840073083082,10.475496493837266,35.7180775381499,-21.251718564584422,-44.87417744382543,51.195853316541644,-43.91500665974929,-47.65880096831963,61.18719041215843,6.999134203391351,59.756757096556036
Little Saint Nick,The Beach Boys,1,79.16628549207829,-200.86887876867857,58.905027933299685,147.12473448721005,100.6196844491237,-79.06990715861274,44.26241288534182,51.34536016856183,-56.93447890832186,74.72735106456543,30.2307567336717,7.9202811679541565,-18.435889515781604,31.75036547195778,0.21093293526663634,-1.4318830226082173,3.9484754658332304,46.02603401964477
Roses,The Chainsmokers Featuring Rozes,1,158.76663694124477,46.11850135898767,-26.27515716066701,75.45817252685525,-104.25874642956802,-74.50096534408765,-58.741201990463146,8.690234664129909,-30.50159027832035,-1.9863855492448246,36.58569849826827,85.47169801840587,-29.115864968255064,-17.857949391374298,-28.337693373976702,-55.62071120077579,-26.326966620432806,22.280151677359065
Without You,The Kid LAROI,1,-111.20511125313858,-61.82835828401196,-102.89546683688803,-70.79263859176521,28.106745801371225,-91.15508065927139,34.570588212843305,-14.190749283462353,73.1417549707546,-22.30866233176411,-45.738906675235995,79.56536859918826,17.063534857254187,-71.99010688649426,41.649248987835406,-41.171670997505174,44.26065436484566,17.2674418568262
Can't Feel My Face,The Weeknd,1,26.503563107012422,-71.059771227134,-77.01801928868016,-83.05964055909655,128.97337859415478,-68.94486406546551,-96.52593520258262,-42.063170325476094,45.939114394052694,8.948835093605293,-37.314774982863646,34.5128529533106,37.23737491297628,-57.65696561610813,-49.77605978775124,-55.33550152196633,-97.16023674293139,-31.288967578589826
Sacrifice,The Weeknd,0,223.75164214849843,-143.4075246376917,-35.848377987495034,45.57888110961309,13.647703934875683,52.90275958148025,24.437539039653018,5.019377255227553,-30.8166943260641,1.4504518216996833,7.009520629214171,63.045458103844084,9.856227954438175,40.957252112331254,-21.541096762424722,43.632471930854976,-22.429938736545655,4.430640862757016
Marry Me,Thomas Rhett,1,-151.20085893529972,-67.55614272083136,158.67593782145215,-99.86060128004782,-13.578593809899576,-19.388807578595088,42.18508888147751,-20.84469173039437,-17.555609277247996,57.96567232919113,-44.22430560992445,62.216419287907044,27.59230266115258,0.11913462224244133,45.523974058168704,77.10565035736951,-25.063843154218866,9.604728499140478
Die A Happy Man,Thomas Rhett,0,-184.97469787501393,23.878740533345418,-87.5345410456293,26.643223594165477,21.939095379736596,91.52591279863717,62.61040413006503,-23.833062038916896,23.558506062743596,55.55341070736919,57.515602869146214,-10.584737070680584,29.043163564854034,34.93104518549519,-7.193618153179731,30.478194032752064,19.497712304657963,-29.460339806079617
Dance Monkey,Tones And I,1,-103.08471278205279,75.2479074281101,-21.993314687891154,155.3893334617978,12.313225994611784,-33.05476585960772,-10.126894995882916,22.78196516967898,21.75195921586133,-46.92623349638536,69.54966457278499,49.31313940282577,73.53110401819131,10.03763020796919,-56.36167318378199,58.04304954923611,-20.069379123897516,74.9635697927504
Christmastime Is Here,Vince Guaraldi Trio,1,-122.37726879575098,-129.83634674321618,-8.350336621836597,-5.605161679425775,-2.2660663382696162,-20.42744017479968,-87.96012203935034,89.8632358116465,59.8651932397289,-76.19074728859167,35.56254852291687,-40.36657455852683,51.540648906150956,-3.647420596706105,22.398357385968648,-27.702560163248034,-39.68989899264146,-27.017980058849012
On Chill,Wale Featuring Jeremih,1,144.48618990068562,85.56413122688194,93.22330575153553,-17.06881121025449,61.74070041896666,-17.360807716069395,13.55200301174508,-23.378510821836592,4.2239030129737545,33.11322888651225,-5.580463785908341,11.188470889399433,-14.84435184229915,-7.692041512122937,-87.97624223677708,-60.578216419209404,30.52761592514882,-25.32953779211404
Pretty Little Poison,Warren Zeiders,1,-110.66825562973685,-75.91963759773778,154.9778547297768,21.17714925717238,66.91753849579804,-38.38753708057425,68.59686544729597,41.32815610711359,49.55648700013322,54.991349764469874,-11.794185074416735,45.143110447492006,17.858737041566574,-34.07204269782123,-55.212469442440536,-5.739222584779621,51.4750185999386,11.46963555410003
See You Again,Wiz Khalifa Featuring Charlie Puth,1,-72.60060339305268,61.33101385924769,95.42109155456039,-142.63009669064468,49.92104535958184,34.08966667070701,-49.40698065349964,-21.23558150450848,-85.91887375019365,17.700009283737607,-33.09801583437231,-56.08625900847614,62.74473586029205,2.635955057847533,70.7105233306818,21.019047397488386,-71.162670171349,-6.524310923452422
Rubbin Off The Paint,YBN Nahmir,1,142.3839430075825,68.71083514709163,57.473766208006026,-33.45167948679938,139.99587894339717,86.71931069972868,30.47087292335754,-10.634223182831917,11.484624000955149,-96.03336417702417,64.75012726602432,-1.8366771744132604,14.342098975404319,-25.215736452754882,4.851925935389906,35.91376423700389,56.646245033430816,73.21218125772532
Juice,Yo Gotti,1,136.32452129846794,154.27867182946358,40.53711407586745,-113.214890053207,152.76099768904567,16.866780912185195,121.24947519366124,-17.86810617416093,-56.0457198634059,31.169082589228022,51.38243820749248,-31.32318741901996,-35.072356853766834,-29.192620660108222,14.754424209193182,42.00637682704375,-76.3341591773224,42.77986066460923
Down In The DM,Yo Gotti Featuring Nicki Minaj,1,-9.339409451762206,33.51389625439175,-45.739078148139996,89.87425009907751,-82.15943504394694,-52.63024707397796,-40.79542369191265,-62.578150996714015,76.30183042982812,-76.4222671007244,5.534711650633977,-130.23148176453068,10.931406263838673,37.46727883584872,-32.03927077689016,-0.35767672699625414,-25.920249568677782,29.85166627890675
Bubbly,Young Thug With Drake & Travis Scott,1,17.47161999442703,154.93656495323518,43.74887602667505,-4.224314651648023,144.10418798417945,10.280116646157355,20.138943509916743,-97.9693355469358,2.609034583052203,-52.38804706335994,13.51508381558251,-46.097221480555405,84.86952104603365,-18.276555189933575,25.24331037895967,-28.864438016293104,46.738758714801115,-19.05279811290406
Same Boat,Zac Brown Band,1,-91.9449336102573,2.8913445260748727,112.47448610478475,101.06035128898618,-55.581161064228795,-8.434726064885298,12.099092672203168,-76.9347002362255,11.51307995775027,-2.950711894039198,34.28652270179001,-57.57180001403647,-6.730392856894605,14.92721506178544,86.34221227364475,9.460848887992801,48.68822430849271,62.19300282227403
I Remember Everything,Zach Bryan Featuring Kacey Musgraves,1,-105.43703846769615,-70.24127244935966,-96.37868214711487,-96.86054424632061,156.9683156577176,21.093897123328105,-83.36632337001524,-64.87821916156801,10.990658294972762,17.542524544921452,-3.3776829665089796,-10.119169679017034,3.37282840915295,-141.24822316233625,-124.3113143902506,9.835442224180005,28.99441831051964,-0.7193998097726609
Juju On That Beat (TZ Anthem),Zay Hilfigerrr & Zayion McCall,1,62.75776989858651,136.2025636961808,49.151675488543376,69.56325613706417,-6.256801974725119,-9.056576415743258,12.685318170971454,114.78477830625559,-10.67804227324223,-44.83547624146394,-34.90911441758814,-46.00159866554009,43.70185383327729,21.32662577132074,-17.23124850630771,-50.365150997121354,-9.347658545422227,-67.93123003340808
Hot Girl Bummer,blackbear,1,74.88715140842687,114.96211991485968,-42.71812578848414,72.63018793869651,-38.17314943926573,-17.147078003359468,-4.568419897741342,-65.1052691220921,-25.998818379828112,70.98086813860976,-9.871255230574802,-67.80454269182174,-11.254865621555254,13.057754973434927,50.150535210014624,-79.26918212982741,33.79515368391171,-15.002669858243348
Hit The Quan,iLoveMemphis,1,80.30628925251037,-13.705371694171875,-28.89987826639711,14.769806278239017,-114.50024128420601,12.1254918986185,-6.661698929535838,4.85075188820813,-55.532567173411856,-44.82546602848399,52.47015317622306,-4.531964568301665,70.72281903225645,23.53433245798021,-30.473637668844702,-28.82588232657295,-35.77635863912495,21.073880027929267
